SMILES_STANDARD,human CL (mL/min/kg)_log10
CC(C(=O)O)c1ccc(C(=O)c2cccs2)cc1,-0.11918640771920865
CC(=O)Oc1ccc2c3c1O[C@H]1[C@@H](OC(C)=O)C=C[C@H]4[C@@H](C2)N(C)CC[C@@]341,2.326949994165999
N[C@@]1(C(=O)O)CS(=O)(=O)[C@H]2[C@H](C(=O)O)[C@H]21,0.38021124171160603
COc1c2occc2cc2ccc(=O)oc12,1.0791812460476249
COc1c(C)c2c(c(O)c1C/C=C(\C)CCC(=O)O)C(=O)OC2,0.367355921026019
CC1(C)S[C@@H]2[C@H](NC(=O)COc3ccccc3)C(=O)N2[C@H]1C(=O)O,0.8325089127062363
N=C(N)c1ccc(C(=O)N[C@@H](Cc2ccc(O)cc2)C(=O)N2CCC(OCC(=O)O)CC2)cc1,0.2787536009528289
O=c1[nH]cnc2c1ncn2[C@H]1CC[C@@H](CO)O1,1.0413926851582251
CCC#CC[C@H](C)[C@H](O)C#C[C@H]1[C@H]2CC(=CCOCCCC(=O)O)C[C@H]2C[C@H]1O,1.8208579894397
COc1ccccc1OCCNCC(O)COc1cccc2[nH]c3ccccc3c12,0.8920946026904804
CN1C(=O)C(O)N=C(c2ccccc2Cl)c2cc(Cl)ccc21,0.6020599913279624
CC[C@H]1OC(=O)C[C@@H](O)[C@H](C)[C@@H](O[C@@H]2O[C@H](C)C[C@H](N(C)C)[C@@H]2O)[C@@H](CC=O)C[C@@H](C)C(=O)C=C[C@]2(C)O[C@H]2[C@@H]1C,1.1238516409670858
CC[C@H](c1ccccc1)c1c(O)c2ccccc2oc1=O,-1.6989700043360187
O=C(O)c1cccc(Cc2cc(Cl)ccc2OCc2ccc(Cl)cc2F)n1,0.3010299956639812
Cn1cc[nH]c1=S,0.568201724066995
CC1CCN(CCCC(=O)c2ccc(F)cc2)CC1,1.662757831681574
CC1(C)[C@H]2CC[C@@]3(C)C(C(=O)C=C4[C@H]5C[C@](C)(C(=O)O)CC[C@@]5(C)CC[C@@]43C)[C@]2(C)CC[C@H]1O[C@H]1O[C@H](C(=O)O)[C@@H](O)[C@H](O)[C@H]1O[C@@H]1O[C@H](C(=O)O)[C@@H](O)[C@H](O)[C@H]1O,-1.3010299956639813
CNCC[C@@H](Oc1ccccc1C)c1ccccc1,0.9684829485539351
O=c1ccc2ncc(=O)n3c2n1C[C@H]3CN1CCC(NCc2cc3c(cn2)OCCC3)CC1,0.9652017010259121
C[C@@H](Oc1cc(-n2cnc3ccc(CN4CCN(C)CC4)cc32)sc1C(N)=O)c1ccccc1C(F)(F)F,1.3010299956639813
O=C(O)P(=O)(O)O,0.3222192947339193
CN(C)CCc1c[nH]c2ccc(C[C@H]3COC(=O)N3)cc12,0.8260748027008264
N=C(N)Nc1nc(CSCCC(=N)NS(N)(=O)=O)cs1,0.8195439355418687
O=c1[nH]c(=O)n(C2CCCO2)cc1F,-0.022276394711152257
Cc1cnc(NCCCN(C)C)c2c1[nH]c1ccc3cc(O)ccc3c12,1.255272505103306
C=CCN1CCCC1CNC(=O)c1cc2[nH]nnc2cc1OC,0.8195439355418687
O=[N+]([O-])OC[C@H](O)CO,0.5599066250361125
C[n+]1ccccc1/C=N/O,0.9542425094393249
N#Cc1ccc2[nH]cc(CCCCN3CCN(c4ccc5oc(C(N)=O)cc5c4)CC3)c2c1,0.5751878449276611
C[C@@H](c1nc(-c2ccc(C#N)cc2)cs1)[C@@](O)(Cn1cncn1)c1cc(F)ccc1F,-0.07058107428570727
CNC(=O)C(c1ccccc1)N1CCc2cc(OC)c(OC)cc2[C@@H]1CCc1ccc(C(F)(F)F)cc1,1.0086001717619175
CC(C)C[C@H](NC(=O)CNC(=O)c1cc(Cl)ccc1Cl)B(O)O,-0.3010299956639812
CC[C@@]1(O)C(=O)OCc2c1cc1n(c2=O)Cc2c-1nc1ccccc1c2CC[Si](C)(C)C,0.6232492903979004
COc1ccc(CNC[C@@H](O)COc2ccc3[nH]c(=O)ccc3c2)cc1OC,0.9493900066449128
O=C(O)C[C@@H]1CC[C@H](NC(=O)Cc2cccs2)B(O)O1,0.46834733041215726
C[C@@H]([C@@](O)(Cn1cncn1)c1ccc(F)cc1F)S(C)(=O)=O,-0.721246399047171
CCc1c(O)cc(O)c(C(=O)c2ccc(OCCN3CCOCC3)c(OC)c2)c1CC(=O)N(CCOC)CCOC,0.8369567370595504
N[C@@H]1[C@H]2CN(c3nc4c(cc3F)c(=O)c(C(=O)O)cn4-c3ccc(F)cc3F)C[C@@H]12,0.14612803567823798
OC[C@@H]1O[C@@H](n2cnc3c2N=CNC[C@H]3O)C[C@H]1O,0.21218760440395779
CCC(CC)O[C@@H]1C=C(C(=O)O)C[C@H](N)[C@H]1NC(C)=O,0.6812412373755872
C[C@H](O)C(=O)Nc1c(I)c(C(=O)NC(CO)CO)c(I)c(C(=O)NC(CO)CO)c1I,0.2787536009528289
CN1CCCC(n2nc(Cc3ccc(Cl)cc3)c3ccccc3c2=O)CC1,0.9542425094393249
Nc1nc(=O)c2c([nH]1)NCC(CNc1ccc(C(=O)N[C@@H](CCC(=O)O)C(=O)O)cc1)N2C=O,0.7634279935629373
CCC[C@H](Nc1nc(-c2ccc(NC(=O)NCC)c(OC)c2)ncc1C)c1cccnc1,1.3463529744506386
CC[C@H]1OC(=O)[C@H](C)[C@@H](O[C@H]2C[C@@](C)(OC)[C@@H](O)[C@H](C)O2)[C@H](C)[C@@H](O[C@@H]2O[C@H](C)C[C@H](N(C)C)[C@H]2O)[C@](C)(OC)C[C@@H](C)C(=O)[C@H](C)[C@@H](O)[C@]1(C)O,0.8633228601204559
CC(C)(C)S(=O)(=O)C[C@H](Cc1ccccc1)C(=O)N[C@@H](Cc1c[nH]cn1)C(=O)N[C@@H](CC1CCCCC1)[C@@H](O)C(O)C1CC1,1.0644579892269186
CCC[C@H](N[C@@H](C)C(=O)N1[C@H](C(=O)O)C[C@@H]2CCCC[C@@H]21)C(=O)O,0.23044892137827394
CCCCCCCCCCCCCCC[C@@H](O)[C@H](C)N,1.760422483423212
CCCC1O[C@@H]2C[C@H]3[C@@H]4CCC5=CC(=O)C=C[C@]5(C)[C@H]4[C@@H](O)C[C@]3(C)[C@]2(C(=O)CO)O1,1.3010299956639813
CN(C)CCO[C@]1(c2ccccc2)C[C@H]2CC[C@]1(C)C2(C)C,0.6884198220027107
Cc1cc(NC(=O)C2=C(O)c3ccccc3S(=O)(=O)N2C)no1,-1.154901959985743
COc1c(C)cc2c(c1O)[C@@H]1[C@@H]3Cc4c(OC(C)=O)c(C)c5c(c4[C@H](CNC(=O)/C=C/c4cccc(C(F)(F)F)c4)N3[C@@H](O)[C@H](C2)N1C)OCO5,1.0791812460476249
CC[C@@H]1C(=O)N(C)c2cnc(Nc3ccc(C(=O)NC4CCN(C)CC4)cc3OC)nc2N1C1CCCC1,1.2329961103921538
CCCN[C@H]1CCc2nc(N)sc2C1,0.8573324964312685
COc1nc(C)nc(Cl)c1NC1=NCCN1,1.0413926851582251
CC#C[C@]1(O)CC[C@H]2[C@@H]3CCC4=CC(=O)CCC4=C3[C@@H](c3ccc(N(C)C)cc3)C[C@@]21C,-0.3010299956639812
CC(CCc1ccc2c(c1)OCO2)NCC(O)c1ccc(O)c(C(N)=O)c1,1.2041199826559248
Cc1cc(F)ccc1[C@H]1CNCCN1C(=O)N(C)[C@H](C)c1cc(C(F)(F)F)cc(C(F)(F)F)c1,0.7067177823367587
S=c1[nH]cnc2[nH]cnc12,1.1760912590556813
CO[C@H]1/C=C/O[C@@]2(C)Oc3c(C)c(O)c4c(c3C2=O)C2=NC3(CCN(CC(C)C)CC3)NC2=C(NC(=O)/C(C)=C/C=C/[C@H](C)[C@H](O)[C@@H](C)[C@@H](O)[C@@H](C)[C@H](OC(C)=O)[C@@H]1C)C4=O,0.38021124171160603
OCc1ncc2n1-c1ccc(Cl)cc1C(c1ccccc1F)=NC2,0.9872192299080049
Cc1cc(=O)c(C(=O)N[C@@H](C(=O)N[C@@H]2C(=O)N3C(C(=O)O)=C(CSc4nnnn4C)CS[C@H]23)c2ccc(O)cc2)c[nH]1,-0.31875876262441283
COc1ccc([C@]2(C#N)CC[C@@H](C(=O)O)CC2)cc1OC1CCCC1,-0.3010299956639812
O=C(NCCNCC(O)COc1ccc(O)cc1)N1CCOCC1,0.47712125471966244
O=C(/C=C/c1ccc(O)c(O)c1)O[C@@H]1[C@H](O)C[C@@](O)(C(=O)O)C[C@H]1OC(=O)/C=C/c1ccc(O)c(O)c1,1.5388249889379038
C[C@@H]1CC(=O)NN=C1c1ccc(NN=C(C#N)C#N)cc1,0.5797835966168101
CC[C@H](O)[C@@H](C)[C@H]1O[C@@H]1C[C@@](C)(O)/C=C/C=C(\C)[C@H]1OC(=O)C[C@H](O)CC[C@@](C)(O)[C@@H](OC(=O)N2CCN(C3CCCCCC3)CC2)C=C[C@@H]1C,1.6803355134145632
NC(=O)OC[C@@H]1[C@H](NC(=O)/C(=N\OCC(=O)O)c2csc(N)n2)C(=O)N1S(=O)(=O)O,0.17609125905568124
CN[C@@H]1[C@@H](O)[C@@H](O[C@@H]2[C@@H](O)[C@H](O[C@H]3O[C@H](CN)[C@@H](O)[C@H](O)[C@H]3O)[C@@H](N)C[C@H]2NC(=O)[C@@H](O)CN)OC[C@]1(C)O,0.11394335230683679
NS(=O)(=O)c1ccc(S(=O)(=O)Nc2cccc3c(Cl)c[nH]c23)cc1,-0.14266750356873156
COc1cc2ncnc(Nc3ccc(F)c(Cl)c3)c2cc1OCCCN1CCOCC1,1.0791812460476249
[H]/N=C(\N)c1cccc(C[C@@H](C(=O)OC)[C@@H](C)NC(=O)c2ccc(-c3cc[n+]([O-])cc3)cc2)c1,0.8680563618230416
CC1(C)S[C@@H]2[C@H](NC(=O)[C@H](N)c3ccccc3)C(=O)N2[C@H]1C(=O)O,0.4471580313422192
Nc1ccn([C@@H]2CO[C@H](CO)S2)c(=O)n1,0.5910646070264992
C[C@H]1[C@H](NC(=O)/C(=N\OC(C)(C)C(=O)O)c2csc(N)n2)C(=O)N1S(=O)(=O)O,0.17609125905568124
COc1cc2nc(N3CCN(C(=O)C4CCCO4)CC3)nc(N)c2cc1OC,0.04139268515822508
O=C(NCCN1CCOCC1)Nc1nc2ccc(Sc3nnc4ccc(-c5ccc(F)cc5)nn34)cc2s1,0.9211660506377387
CO[C@@]1(NC(=O)[C@H](C(=O)O)c2ccc(O)cc2)C(=O)N2C(C(=O)O)=C(CSc3nnnn3C)CO[C@@H]21,-0.14266750356873156
CN(C)CCCO[C@@H]1[C@H]2OC(C)(C)O[C@H]2O[C@@H]1[C@H](O)CO,0.541579243946581
CN1CCN(C(=O)OC2c3nccnc3C(=O)N2c2ccc(Cl)cn2)CC1,0.5185139398778875
Cc1ccc(C(CN)CC(=O)O)cc1,0.23044892137827394
CCC(=O)O[C@]1(C(=O)SCF)[C@H](C)C[C@H]2[C@@H]3C[C@H](F)C4=CC(=O)C=C[C@]4(C)[C@@]3(F)[C@@H](O)C[C@@]21C,1.2304489213782739
NC(=O)c1csc([C@@H]2O[C@H](CO)[C@@H](O)[C@H]2O)n1,0.38021124171160603
CNC[C@H](O)CC12CCC(c3ccccc31)c1ccccc12,1.1643528557844371
CCOC(=O)[C@]1(c2ccccc2)CCC=C[C@H]1N(C)C,1.2041199826559248
CCC1(c2cccc(O)c2)CCCCN(C)C1,1.4471580313422192
COC(=O)[C@H]1[C@@H](OC(=O)c2ccccc2)C[C@@H]2CC[C@H]1N2C,1.505149978319906
CC[C@@H]1C(=O)N(C)c2cnc(Nc3ccc(C(=O)N[C@H]4CC[C@H](N5CCN(CC6CC6)CC5)CC4)cc3OC)nc2N1C(C)C,1.0644579892269186
C[C@H](C(=O)O)c1ccc(C(=O)c2ccccc2)s1,-0.2076083105017461
CCOc1ccccc1OCCN[C@H](C)Cc1ccc(OC)c(S(N)(=O)=O)c1,-0.2076083105017461
CC[C@@H](CO)NC(=O)[C@@H]1C=C2c3cccc4[nH]cc(c34)C[C@H]2N(C)C1,0.8561244442423004
OCCN1CCN(CC/C=C2/c3ccccc3Sc3ccc(C(F)(F)F)cc32)CC1,0.617000341120899
CCCn1c(=O)[nH]c(=O)c2nc[nH]c21,0.6020599913279624
Cc1ncc([N+](=O)[O-])n1CCO,-0.07058107428570727
NCC[C@H](O)C(=O)N[C@@H]1C[C@H](N)[C@@H](O[C@H]2O[C@H](CN)[C@@H](O)[C@H](O)[C@H]2O)[C@H](O)[C@H]1O[C@H]1O[C@H](CO)[C@@H](O)[C@H](N)[C@H]1O,0.04139268515822508
CCN(CC)CCNC(=O)c1cc(Cl)c(N)cc1OC,0.7558748556724915
C=CCC1(C(C)C#CCC)C(=O)NC(=O)N(C)C1=O,1.0791812460476249
COc1ccc2[nH]c3c(c2c1)CCN[C@]31CS[C@@H]2c3c(OC(C)=O)c(C)c4c(c3[C@H](COC1=O)N1[C@@H]2[C@H]2c3c(cc(C)c(OC)c3O)C[C@@H]([C@@H]1O)N2C)OCO4,0.4409090820652177
O=C(O)[C@H](CCc1ccccc1)N[C@H]1CCCN2CCC[C@@H](C(=O)O)N2C1=O,0.3222192947339193
Nc1nc(NC2CC2)c2ncn([C@H]3C=C[C@@H](CO)C3)c2n1,1.1139433523068367
CS(=O)(=O)OC[C@H](O)[C@@H](O)COS(C)(=O)=O,0.6901960800285137
CCOC(=O)Nc1ccc(NCc2ccc(F)cc2)nc1N,0.2041199826559248
C[C@H](N)Cc1ccccc1,0.9867717342662449
NCCCC[C@H](N[C@@H](CCc1ccccc1)C(=O)O)C(=O)N1CCC[C@H]1C(=O)O,0.07918124604762482
CC[C@@H](CO)NCCN[C@@H](CC)CO,1.0
CO/N=C(\C(=O)N[C@H]1C(=O)N2C(C(=O)O)=C(CSc3cnns3)CS[C@H]12)c1csc(N)n1,0.6127838567197355
CO[C@@H](C(=O)N1Cc2[nH]nc(NC(=O)c3ccc(N4CCN(C)CC4)cc3)c2C1)c1ccccc1,0.785329835010767
C#C[C@]1(OS(=O)(=O)O)CC[C@H]2[C@@H]3CCc4cc(O)ccc4[C@H]3CC[C@@]21C,0.11394335230683679
CN1CC[C@]23CCCC[C@H]2[C@H]1Cc1ccc(O)cc13,1.1958996524092338
COC(=O)Nc1nc2cc(C(=O)c3ccccc3)ccc2[nH]1,1.1760912590556813
CN1[C@@H]2CC[C@H]1C[C@@H](OC(=O)c1c[nH]c3ccccc13)C2,1.414973347970818
CC(C)=CCN1Cc2cc(Cl)cc3[nH]c(=S)n(c23)C[C@@H]1C,1.0174507295105362
CN(C)C1CCN(C(=O)c2ccc(NC(=O)Nc3ccc(-c4nc(N5CCOCC5)nc(N5CCOCC5)n4)cc3)cc2)CC1,0.3521825181113625
Nc1ccncc1,0.9684829485539351
Nc1ccn([C@@H]2O[C@H](CO)[C@@H](O)C2(F)F)c(=O)n1,1.505149978319906
O=C(NCCN1CCN=C1c1ccncc1)Nc1ccc(C(=O)O)cc1,0.22271647114758325
CN1CCc2cccc3c2[C@H]1Cc1ccc(O)c(O)c1-3,1.6020599913279625
CC(Oc1ccccc1)C(=O)N[C@@H]1C(=O)N2[C@@H]1SC(C)(C)[C@@H]2C(=O)O,0.6232492903979004
NCc1ccccc1CC(=O)N[C@@H]1C(=O)N2C(C(=O)O)=C(CSc3nnnn3CC(=O)O)CS[C@H]12,-0.1804560644581313
Cc1c(OCC(F)(F)F)ccnc1C[S+]([O-])c1nc2ccccc2[nH]1,0.6434526764861874
CC(=O)OCC1=C(C(=O)O)N2C(=O)[C@@H](NC(=O)CSc3ccncc3)[C@H]2SC1,0.43136376415898736
N=C(N)N[C@@H](CS)C(=O)O,0.4593924877592308
C=CC1=C(C(=O)O)N2C(=O)[C@@H](NC(=O)/C(=N\OCC(=O)O)c3csc(N)n3)[C@H]2SC1,0.0
CN1CC[C@]23c4c5ccc(O)c4O[C@H]2[C@@H](O[C@@H]2O[C@H](C(=O)O)[C@@H](O)[C@H](O)[C@H]2O)C=C[C@H]3[C@H]1C5,0.3424226808222063
Cc1onc(-c2ccccc2)c1C(=O)N[C@@H]1C(=O)N2[C@@H]1SC(C)(C)[C@@H]2C(=O)O,0.7993405494535817
COC(=O)c1cnc2n1CCc1ccccc1C2=C1CCN(CCc2ccc(OCc3ccc4ccccc4n3)cc2)CC1,1.1504494094608806
CCC(=O)O[C@H](CC(=O)[O-])C[N+](C)(C)C,0.367355921026019
CCC(=O)O[C@](Cc1ccccc1)(c1ccccc1)[C@H](C)CN(C)C,1.1760912590556813
CCCCN1CCCC[C@H]1C(=O)Nc1c(C)cccc1C,0.9395192526186185
COC(=O)[C@H](c1ccccc1)[C@H]1CCCCN1,0.8241258339165489
O=[N+]([O-])OCC(CO[N+](=O)[O-])O[N+](=O)[O-],2.2884728005997825
Cc1ccnc2c1NC(=O)c1cccnc1N2C1CC1,-0.5228787452803376
C[C@H]1COc2c(N3CCN(C)CC3)c(F)cc3c(=O)c(C(=O)O)cn1c23,0.2787536009528289
CCC(=O)C(CC(C)N(C)C)(c1ccccc1)c1ccccc1,0.23044892137827394
N=C(N)Nc1ccc(C(=O)Oc2ccc3cc(C(=N)N)ccc3c2)cc1,1.9136019497291574
N[C@@H](Cc1c[nH]c2ccc(O)cc12)C(=O)O,0.23552844690754893
C[C@H]1O[C@@H](n2cc(F)c(=O)[nH]c2=O)[C@H](O)[C@@H]1O,1.0413926851582251
CC(C)(C)c1[nH]cnc1/C=c1\[nH]c(=O)/c(=C/c2ccccc2)[nH]c1=O,0.8692317197309762
CCOc1cc(Cc2cnc(N)nc2N)cc(OCC)c1-n1cccc1,0.5440680443502757
CCN(CC)CCOC(=O)C(Cc1cccc2ccccc12)CC1CCCO1,1.0334237554869496
CC[C@H]1OC(=O)[C@H](C)C(=O)[C@H](C)[C@@H](O[C@@H]2O[C@H](C)C[C@H](N(C)C)[C@H]2O)[C@](C)(OC)C[C@@H](C)C(=O)[C@H](C)[C@H]2N(CCCCn3cnc(-c4cccnc4)c3)C(=O)O[C@]12C,1.146128035678238
Clc1cccc(Cl)c1NC1=NCCN1,0.6020599913279624
CS(=O)(=O)c1ccc(C2=C(c3ccccc3)C(=O)OC2)cc1,0.3010299956639812
Cc1c(C)c2ccc(OCCCN3CCN(Cc4ccc(Cl)cc4)CC3)cc2oc1=O,0.11394335230683679
C#C[C@@]1(O)[C@@H](CO)O[C@H](n2ccc(N)nc2=O)[C@@H]1O,0.2041199826559248
Cc1ccc(C(=O)c2cc(O)c(O)c([N+](=O)[O-])c2)cc1,0.2787536009528289
CCN(CC)CCCC(C)Nc1c2ccc(Cl)cc2nc2ccc(OC)cc12,0.7075701760979364
CN(C)C/C=C(\c1ccc(Br)cc1)c1cccnc1,1.1398790864012365
Cc1ccc(N(CC2=NCCN2)c2cccc(O)c2)cc1,1.6232492903979006
C[C@@H]1C(S[C@H]2CN[C@H](CNS(N)(=O)=O)C2)=C(C(=O)O)N2C(=O)[C@@H]([C@H](C)O)C12,0.5132176000679389
C#CCCCC(=O)c1cc(C(C)(C)C)c(O)c(C(C)(C)C)c1,0.9493900066449128
CNC(=O)c1cccc2c(Nc3ccc(NS(C)(=O)=O)cc3OC)c3cccc(C)c3nc12,0.414973347970818
N/N=c1\[nH]ncc2ccccc12,1.9294189257142929
O=C(CCCN1CC=C(n2c(=O)[nH]c3ccccc32)CC1)c1ccc(F)cc1,0.9503648543761231
O=c1ccc2ccc(OCCCCN3CCN(c4cccc5sccc45)CC3)cc2[nH]1,-0.46852108295774486
CCCCCCCN(CC)CCCC(O)c1ccc(NS(C)(=O)=O)cc1,1.414973347970818
Oc1ccc([C@H]2CNCCc3c2cc(O)c(O)c3Cl)cc1,1.6180480967120927
Cc1nnc(SCC2=C(C(=O)O)N3C(=O)[C@@H](NC(=O)[C@H](O)c4ccccc4)[C@H]3SC2)s1,0.414973347970818
CN1CC[C@H](c2c(O)cc(O)c3c(=O)cc(-c4ccccc4Cl)oc23)[C@H](O)C1,0.785329835010767
C[C@@H]1C(=O)O[C@H]2C[C@@]34[C@H]5C[C@@H](C(C)(C)C)C36[C@@H](OC(=O)[C@@H]6O)OC4(C(=O)O5)[C@]21O,0.36172783601759284
O=C(N[C@H](CO)[C@H](O)c1ccc([N+](=O)[O-])cc1)C(Cl)Cl,0.38021124171160603
CC[N+]1(CC)CCC(=C(c2ccccc2)c2ccccc2)[C@@H]1C,1.0969100130080565
CC#CCC(C)[C@H](O)/C=C/[C@@H]1[C@H]2C/C(=C/CCCC(=O)O)C[C@H]2C[C@H]1O,1.2041199826559248
C[N+]1(CC2CC2)CC[C@]23c4c5ccc(O)c4O[C@H]2C(=O)CC[C@@]3(O)[C@H]1C5,1.3424226808222062
O=C(O)CCCc1ccc(N(CCCl)CCCl)cc1,0.4471580313422192
COc1cc(C2c3cc4c(cc3C(OC3OC5COC(C)OC5C(O)C3N(C)C)C3COC(=O)C23)OCO4)cc(OC)c1O,-0.3979400086720376
CN/C(=C\[N+](=O)[O-])NCCSCc1csc(CN(C)C)n1,0.9912260756924949
CC(=O)CC(c1ccccc1)c1c(O)c2ccccc2oc1=O,-1.2596373105057561
O=C(O)C1=C(C[n+]2ccc(CCS(=O)(=O)O)cc2)CSC2[C@@H](NC(=O)[C@H](NC(=O)c3[nH]cnc3C(=O)O)c3ccccc3)C(=O)N12,0.23044892137827394
Nc1[nH]c(=O)ncc1F,0.3010299956639812
C#CCN(C)C(C)Cc1ccccc1,1.3010299956639813
CCN[C@@H]1C[C@H](N)[C@@H](O[C@H]2OC(CN)=CC[C@H]2N)[C@H](O)[C@H]1O[C@H]1OC[C@](C)(O)[C@H](NC)[C@H]1O,-0.2596373105057561
CO[C@H]1C(=O)[C@]2(C)[C@@H](OC)C[C@H]3OC[C@@]3(OC(C)=O)[C@H]2[C@H](OC(=O)c2ccccc2)[C@]2(O)C[C@H](OC(=O)[C@H](O)[C@@H](NC(=O)OC(C)(C)C)c3ccccc3)C(C)=C1C2(C)C,1.0413926851582251
c1ccc2c(c1)OCC(C1=NCCN1)O2,1.0
CN1c2ccccc2[C@@H](NCCCCCCC(=O)O)c2ccc(Cl)cc2S1(=O)=O,0.4471580313422192
CCN(CC)CCNC(=O)c1ccc(NC(C)=O)cc1,0.6020599913279624
C[N+](C)(C)NCCC(=O)[O-],0.4471580313422192
O=C(c1ccccc1)c1ccc2n1CCC2C(=O)O,-0.45593195564972444
CCOc1ccc2c(c1)[C@]1(CC[C@H](OCCN3CCOCC3)CC1)C(=O)N2S(=O)(=O)c1ccc(C(=O)NC(C)(C)C)cc1OC,1.089905111439398
C[N+]1(CC2CC2)[C@@H]2C[C@@H](OC(=O)[C@H](CO)c3ccccc3)C[C@H]1[C@@H]1O[C@@H]12,1.3979400086720377
O=C(O)c1cc(N=Nc2ccc(O)c(C(=O)O)c2)ccc1O,0.07918124604762482
CN(C)[C@@H]1C(O)=C(C(N)=O)C(=O)[C@@]2(O)C(O)=C3C(=O)c4c(O)c(NC(=O)CN5CCCC5)cc(F)c4C[C@H]3C[C@@H]12,0.5693739096150459
Oc1cc2c(cc1O)[C@H](Cc1cccc3ccccc13)NCC2,2.1931245983544616
COc1c(N2CCC/C(=C(\F)CN)C2)c(F)cc2c(=O)c(C(=O)O)cn(C3CC3)c12,-0.10790539730951958
Cc1ccc(Sc2ccccc2N2CCNCC2)c(C)c1,0.7634279935629373
CN(CCOc1ccc(NS(C)(=O)=O)cc1)CCc1ccc(NS(C)(=O)=O)cc1,0.7160033436347992
CN(C)N=Nc1nc[nH]c1C(N)=O,0.414973347970818
O=C1CN(/N=C/c2ccc(-c3ccc([N+](=O)[O-])cc3)o2)C(=O)N1,-0.36653154442041347
CC(CN1CCN(CCOCCO)CC1)CN1c2ccccc2Sc2ccccc21,1.2113875529368587
CCN1CCC[C@@H]1CNC(=O)c1cc(S(N)(=O)=O)ccc1OC,0.2787536009528289
Cc1cc(C)c2c(c1)[C@@H](N(Cc1cc(C(F)(F)F)cc(C(F)(F)F)c1)c1nnn(C)n1)CCCN2C[C@H]1CC[C@H](C(=O)O)CC1,-0.07572071393811836
O=C(NC1CCN(CCc2c[nH]c3ccccc23)CC1)c1ccccc1,1.3010299956639813
O=C1CN=C(c2ccccn2)c2cc(Br)ccc2N1,-0.2924298239020636
Cc1ccc(NC(=O)c2ccc(CN3CCN(C)CC3)cc2)cc1Nc1nccc(-c2cccnc2)n1,0.5185139398778875
CC1(C)S[C@@H]2[C@H](NC(=O)[C@H](NC(=O)NC(=N)N)c3ccccc3)C(=O)N2[C@@H]1C(=O)O,0.2041199826559248
CC(C)(C)c1nc(-c2cccc(NS(=O)(=O)c3c(F)cccc3F)c2F)c(-c2ccnc(N)n2)s1,0.456366033129043
Cc1onc(-c2c(F)cccc2Cl)c1C(=O)N[C@@H]1C(=O)N2[C@@H]1SC(C)(C)[C@@H]2C(=O)O,0.38021124171160603
C[C@H]1CN(c2c(F)cc3c(=O)c(C(=O)O)cn(C4CC4)c3c2OC(F)F)CCN1,0.43136376415898736
CN[C@@H](C)Cc1ccccc1,0.6434526764861874
Nc1ncnc2c1ncn2CCOCP(=O)(O)O,0.568201724066995
COc1cc(OC)c(/C=C/S(=O)(=O)Cc2ccc(OC)c(NCC(=O)O)c2)c(OC)c1,0.17897694729316943
Nc1c(CC(=O)O)cccc1C(=O)c1ccc(Br)cc1,0.11394335230683679
O=C(NC[C@H](O)CO)c1ccncc1Nc1ccc(I)cc1F,0.9400181550076633
C[N+]1(C)CCC(OC(=O)C(O)(c2ccccc2)C2CCCC2)C1.[Br-],1.2253092817258628
CN1CCC[C@@H]1Cc1c[nH]c2ccc(CCS(=O)(=O)c3ccccc3)cc12,0.724275869600789
CCC(=O)N(c1ccccc1)C1(C(=O)OC)CCN(CCC(=O)OC)CC1,1.568201724066995
Cc1cnc(NC(=O)C2=C(O)c3ccccc3S(=O)(=O)N2C)s1,-0.9208187539523752
C[C@H]1CCc2c(N3CCC(O)CC3)c(F)cc3c(=O)c(C(=O)O)cn1c23,-0.2676062401770315
COc1ccnc(C[S+]([O-])c2nc3cc(-n4cccc4)ccc3[nH]2)c1C,-0.1366771398795441
CN[C@@H]1[C@H](O)[C@H](NC)[C@H]2O[C@@]3(O)C(=O)C[C@@H](C)O[C@H]3O[C@@H]2[C@H]1O,-0.004364805402450088
O=C1C(CC[S+]([O-])c2ccccc2)C(=O)N(c2ccccc2)N1c1ccccc1,-0.46852108295774486
CCOC(=O)Nc1ccc(NCc2ccc(F)cc2)cc1N,0.919078092376074
CCCCCNC(=O)c1coc([C@H]2[C@@H](Cc3ccccc3CCC(=O)O)[C@@H]3CC[C@H]2O3)n1,0.8061799739838872
Cc1ncc([N+](=O)[O-])n1CC(O)CN1CCOCC1,0.2041199826559248
O=C(c1ccc(OCCN2CCCCC2)cc1)c1c(-c2ccc(O)cc2)sc2cc(O)ccc12,1.0334237554869496
CC(C)(F)C[C@H](N[C@@H](c1ccc(-c2ccc(S(C)(=O)=O)cc2)cc1)C(F)(F)F)C(=O)NC1(C#N)CC1,-0.721246399047171
NC[C@H]1OB(O)c2c(OCCCO)cccc21,0.6127838567197355
O=c1ccc2ccccc2o1,1.3729120029701067
CCOC(=O)c1cncn1[C@H](C)c1ccccc1,1.1139433523068367
CO/N=C(\C(=O)N[C@@H]1C(=O)N2C(C(=O)O)=CCS[C@H]12)c1csc(N)n1,0.3222192947339193
CCc1cc2c(cc1N1CCC(N3CCOCC3)CC1)C(C)(C)c1[nH]c3cc(C#N)ccc3c1C2=O,0.8859263398014311
CN(C)CCCNC(=O)/C(=C/CCCCC(=O)NO)COc1cccc2ccccc12,0.2600713879850748
Nc1nc2c(ncn2COC(CO)CO)c(=O)[nH]1,0.6627578316815741
COc1cccc2c1C(=O)c1c(O)c3c(c(O)c1C2=O)C[C@@](O)(C(=O)CO)C[C@@H]3O[C@H]1C[C@H](N)[C@H](I)[C@H](C)O1,2.146128035678238
CN1C2CCC1CC(=C1c3ccccc3CSc3ccccc31)C2,0.6972293427597176
CN1C(=O)CC[C@H]1c1cccnc1,-0.05060999335508721
C#Cc1cccc(Nc2ncnc3cc(OCCOC)c(OCCOC)cc23)c1,0.22788670461367352
O=C1Nc2ccc(Cl)cc2C(c2ccccc2)=NC1O,0.04139268515822508
COc1c(N2C[C@@H](C)C[C@H](N)C2)ccc2c(=O)c(C(=O)O)cn(C3CC3)c12,0.5797835966168101
N[C@@H](Cc1ccc(N(CCCl)CCCl)cc1)C(=O)O,0.8450980400142568
C=CC[C@@H]1/C=C(/C)C[C@H](C)C[C@H](OC)[C@H]2O[C@@](O)(C(=O)C(=O)N3CCCC[C@H]3C(=O)O[C@H](/C(C)=C/[C@@H]3CC[C@@H](O)[C@H](OC)C3)[C@H](C)[C@@H](O)CC1=O)[C@H](C)C[C@@H]2OC,-0.15490195998574322
CC1=NN(c2ccccc2)C(=O)C1,0.15228834438305647
CC(C)CN(C[C@@H](O)[C@H](Cc1ccccc1)NC(=O)O[C@H]1CO[C@H]2OCC[C@H]21)S(=O)(=O)c1ccc(N)cc1,0.8926510338773003
CN(C)CCc1c[nH]c2ccc(Cn3cncn3)cc12,1.2041199826559248
CCC(CC)COC(C(=O)OCCN(C)C)(c1ccccc1)c1ccccc1,0.7558748556724915
CN1C(C(=O)Nc2ccccn2)=C(O)c2sccc2S1(=O)=O,-1.5228787452803376
O=C1c2cccc3c2[C@H](CCC3)CN1[C@@H]1CN2CCC1CC2,0.414973347970818
CS(=O)(=O)c1ccc(C(=O)Nc2ccc(Cl)c(-c3ccccn3)c2)c(Cl)c1,-2.0
O=C(/C=C/c1ccc(O)c(O)c1)O[C@@H]1C[C@](O)(C(=O)O)C[C@@H](OC(=O)/C=C/c2ccc(O)c(O)c2)[C@H]1O,1.8797264966395772
CC1(C)S[C@@H]2[C@H](NC(=O)Cc3ccccc3)C(=O)N2[C@H]1C(=O)O,0.8388490907372553
CC(=O)Nc1cccc(-n2c(=O)n(C3CC3)c(=O)c3c(Nc4ccc(I)cc4F)n(C)c(=O)c(C)c32)c1,-0.09691001300805639
CN1[C@@H]2CCC[C@H]1C[C@@H](NC(=O)c1nn(C)c3ccccc13)C2,0.9590413923210936
O=c1[nH]cnc2c([C@@H]3N[C@H](CO)[C@@H](O)[C@H]3O)c[nH]c12,0.1931245983544616
Cc1nnc(SCC2=C(C(=O)O)N3C(=O)[C@@H](NC(=O)Cn4cnnn4)[C@H]3SC2)s1,-0.05060999335508721
C=CC1=C(C)c2cc3[nH]c(cc4nc(cc5[nH]c(cc1n2)c(C)c5CCC(=O)O)C(CCC(=O)OC)=C4C)[C@@]1(C)C3=CC=C(C(=O)OC)[C@H]1C(=O)OC,0.2041199826559248
C[C@@H](OC[C@@]1(c2ccccc2)CC[C@]2(CCC(=O)N2)CN1)c1cc(C(F)(F)F)cc(C(F)(F)F)c1,-0.42021640338318983
COCCOC(=O)C1=C(C)NC(C)=C(C(=O)OC(C)C)C1c1cccc([N+](=O)[O-])c1,1.1760912590556813
CO[C@]1(NC(=O)CSC(F)F)C(=O)N2C(C(=O)O)=C(CSc3nnnn3CCO)CO[C@@H]21,0.6127838567197355
COc1ccc2c(c1)N(C[C@H](C)CN(C)C)c1ccccc1S2,0.9956351945975499
CCc1nc2c(N)nc3ccccc3c2n1CCCCNS(C)(=O)=O,0.8864907251724818
O=C(O)CCCSCCN1C(=O)CC[C@@H]1/C=C/[C@@H](O)Cc1ccc(F)cc1,1.1983821300082942
CCN(CC)C(=O)[C@]1(c2ccccc2)C[C@@H]1CN,0.9122220565324155
O=C1CC[C@@]2(O)[C@H]3Cc4ccc(O)c5c4[C@@]2(CCN3CC2CC2)[C@H]1O5,1.7558748556724915
CCOc1cc([C@@H](CS(C)(=O)=O)N2C(=O)c3cccc(CC(C)=O)c3C2=O)ccc1OC,0.37657695705651195
O=C1c2ccccc2S(=O)(=O)N1CCCCNC[C@H]1CCc2ccccc2O1,0.3424226808222063
O=C(O)[C@@H]1C[C@@H](C2CCCCC2)CN1C(=O)CP(=O)(O)CCCCc1ccccc1,-0.494850021680094
CN(C)N=Nc1ccc(C(=O)O)cc1,0.11394335230683679
COc1ccc2c(c1)c(CC(=O)O)c(C)n2C(=O)c1ccc(Cl)cc1,0.11394335230683679
CC(C)c1cccc(C(C)C)c1O,1.5563025007672873
CCCCCCCC/C=C/CCCCCCCC(=O)OC[C@H]1O[C@@H](n2ccc(N)nc2=O)[C@@H](O)[C@@H]1O,0.6560982020128319
C[C@H](/C=C/[C@H](C)C(C)(C)O)[C@H]1CC[C@H]2/C(=C/C=C3C[C@@H](O)C[C@H](O)C3)CCC[C@]12C,-0.05060999335508721
CN(C)CCC1=C(Cc2cccnn2)c2ccc(F)cc2C1,0.367355921026019
COc1ccccc1Oc1c(NS(=O)(=O)c2ccc(C(C)C)cn2)nc(-c2ccnc(-c3nnn[nH]3)c2)nc1OCCO,0.9084850188786497
Nc1ncn([C@@H]2O[C@H](CO)[C@@H](O)[C@H]2O)c(=O)n1,1.5440680443502757
O=C(NC1CCN(CCCCC2(C(=O)NCC(F)(F)F)c3ccccc3-c3ccccc32)CC1)c1ccccc1-c1ccc(C(F)(F)F)cc1,0.9395192526186185
NC(=O)N1c2ccccc2CC(O)c2ccccc21,-0.05551732784983137
CCN(CC)C(=O)N[C@H]1C=C2c3cccc4[nH]cc(c34)C[C@H]2N(C)C1,1.1238516409670858
CN1C[C@@H]2c3ccccc3Oc3ccc(Cl)cc3[C@H]2C1,1.0934216851622351
CO[C@@H]1C[C@@](C)(O)Cc2cc3c(c(O)c21)C(=O)c1c(O)cc2c(c1C3=O)O[C@@H]1O[C@]2(C)[C@@H](O)[C@@H](N(C)C)[C@@H]1O,1.0648322197385738
COC(=O)N(C)c1c(N)nc(-c2nn(Cc3ccccc3F)c3ncccc23)nc1N,-0.13076828026902382
Cc1nc(=O)c2cc(CN(C)c3ccc(C(=O)N[C@@H](CCC(=O)O)C(=O)O)s3)ccc2[nH]1,-0.045757490560675115
Cc1nc(NNC(=O)C(CC2CCCC2)CN(O)C=O)c(F)c(N2CCN3CCOCC3C2)n1,0.7481880270062004
Nc1nc(=O)c2c([nH]1)NC[C@H](CNc1ccc(C(=O)N[C@@H](CCC(=O)O)C(=O)O)cc1)N2C=O,0.6127838567197355
C[C@H](S)C(=O)NCC(=O)O,0.17026171539495738
CCOC(=O)[C@]1(c2ccccc2)CCC=C[C@H]1NC,0.9956351945975499
O=C(O)CSc1nnc(Br)n1-c1ccc(C2CC2)c2ccccc12,0.15533603746506178
O=P(O)(O)OC(Cn1cncn1)(Cn1cncn1)c1ccc(F)cc1F,0.11394335230683679
N#Cc1c(N2C[C@@H]3NCCO[C@H]3C2)c(F)cc2c(=O)c(C(=O)O)cn(C3CC3)c12,0.7596678446896306
NC(=O)c1cc[n+](CC2=C(C(=O)[O-])N3C(=O)[C@@H](NC(=O)[C@@H](c4ccccc4)S(=O)(=O)O)[C@H]3SC2)cc1,0.292256071356476
CC(C)C[C@H](NC(=O)[C@H](CCc1ccccc1)NC(=O)CN1CCOCC1)C(=O)N[C@@H](Cc1ccccc1)C(=O)N[C@@H](CC(C)C)C(=O)[C@@]1(C)CO1,1.5965970956264603
CCOC(=O)[C@H](CCc1ccccc1)N[C@@H](C)C(=O)N1[C@@H]2CCCC[C@@H]2C[C@H]1C(=O)O,1.0969100130080565
CC[C@H]1C2C[C@H]3[C@@H]4N(C)c5ccccc5C45C[C@@H](C2[C@H]5O)N3[C@@H]1O,0.9912260756924949
CCCCc1nc(Cl)c(CO)n1Cc1ccc(-c2ccccc2-c2nnn[nH]2)cc1,0.9138138523837167
CC(C)N1CCC(N(C(=O)Cc2ccccc2)c2ccc(Cl)cc2)CC1,1.2041199826559248
CC(=O)N(CC[C@@](CCN1CCCCC1)(C(N)=O)c1ccccc1Cl)C(C)C,0.7347998295888469
CSc1ccc(C(=O)c2[nH]c(=O)[nH]c2C)cc1,1.2810333672477277
COc1cc2c(cc1OC)CN(CCc1ccc(NC(=O)c3cc(OC)c(OC)cc3NC(=O)c3cnc4ccccc4c3)cc1)CC2,0.4471580313422192
OCCO[C@H]1C[C@@H](n2nnc3c(N[C@@H]4C[C@H]4c4ccc(F)c(F)c4)nc(S)nc32)[C@H](O)[C@@H]1O,0.5289167002776547
CCc1[nH]c(=O)[nH]c1C(=O)c1ccncc1,0.9556877503135057
Nc1nc2ccc(OC(F)(F)F)cc2s1,1.0530784434834197
C[C@@H]1CN(C2CCC(C#N)(c3ccc(F)cc3)CC2)CC[C@]1(C(=O)O)c1ccccc1,-0.36653154442041347
CN(C)CCN1C(=O)c2cccc3cc([N+](=O)[O-])cc(c23)C1=O,1.5390760987927767
CCC#CC[C@H](C)[C@H](O)C#C[C@@H]1[C@H]2C/C(=C/COCC(=O)O)C[C@H]2C[C@H]1O,0.5797835966168101
Nc1nc(C(=NO)C(=O)N[C@@H]2C(=O)N3C(C(=O)O)=C(C=C4CCN(CC(F)(F)F)C4=O)CS[C@H]23)cs1,-0.42021640338318983
COc1nc(N)nc2c1ncn2[C@@H]1O[C@H](CO)[C@@H](O)[C@@H]1O,1.9084850188786497
CC[C@@H](c1cccc(O)c1)[C@@H](C)CN(C)C,1.3289908554494287
Cc1ccc(S(=O)(=O)NC(=O)N[C@H]2[C@H]3CC[C@@](C)([C@H]2O)C3(C)C)cc1,-0.46852108295774486
CCN(CCO)CCCC(C)Nc1ccnc2cc(Cl)ccc12,1.0413926851582251
CN1C[C@H](C(=O)N[C@]2(C)O[C@]3(O)[C@@H]4CCCN4C(=O)[C@H](Cc4ccccc4)N3C2=O)C[C@@H]2c3cccc4[nH]cc(c34)C[C@H]21,1.1781132523146318
NC(=O)c1ncn([C@@H]2O[C@H](CO)[C@@H](O)[C@H]2O)n1,0.7160033436347992
CN1C(=O)CN=C(c2ccccc2F)c2cc([N+](=O)[O-])ccc21,0.14612803567823798
COc1cc(N)c(Cl)cc1C(=O)N[C@H]1CCN(CCCOc2ccc(F)cc2)C[C@H]1OC,0.17609125905568124
COCC(=O)Nc1c(I)c(C(=O)NCC(O)CO)c(I)c(C(=O)N(C)CC(O)CO)c1I,0.14612803567823798
CCc1nn(CCCN2CCN(c3cccc(Cl)c3)CC2)c(=O)n1CCOc1ccccc1,0.8750612633917001
O=C(Nc1c(Cl)cncc1Cl)c1ccc(OC(F)F)c(OCC2CC2)c1,0.3424226808222063
CCOc1ccc(Cc2cc(C3O[C@H](CO)[C@@H](O)[C@H](O)[C@H]3O)ccc2Cl)cc1,0.47712125471966244
O=C1CCC(N2C(=O)c3ccccc3C2=O)C(=O)N1,0.5314789170422551
C[C@@H](CN1CC(=O)NC(=O)C1)N1CC(=O)NC(=O)C1,0.4913616938342727
O=C(/C=C/c1ccc(O)cc1)C1=C(O)[C@](O)([C@@H]2O[C@H](CO)[C@@H](O)[C@H](O)[C@H]2O)C(O)=C([C@@H]2O[C@H](CO)[C@@H](O)[C@H](O)[C@H]2O)C1=O,0.0
Cc1cccc(C)c1NC(=O)NCCCNC(C)C,0.6532125137753437
COc1ccc(CCNCC(O)COc2cccc(C)c2)cc1OC,0.7403626894942439
CC1=C(CO)C2=C(C)C3(CC3)[C@@](C)(O)C(=O)C2=C1,2.146128035678238
COc1ccc(/C=C\c2cc(OC)c(OC)c(OC)c2)cc1OP(=O)(O)O,0.7678976160180907
Cn1c(COP(=O)(NCCBr)NCCBr)cnc1[N+](=O)[O-],1.1702617153949575
CCC[C@@H]1C[C@@H](C(=O)N[C@@H]([C@H]2O[C@H](SC)[C@H](O)[C@@H](O)[C@H]2O)[C@H](C)Cl)N(C)C1,0.6532125137753437
CN1CCOC(c2ccccc2)c2ccccc2C1,1.0791812460476249
CN(c1nc2ccccc2s1)C1CCN(C[C@@H](O)COc2ccc(F)cc2)CC1,0.6074550232146685
CN(C)[C@@H]1C(O)=C(C(N)=O)C(=O)[C@@]2(O)C(O)=C3C(=O)c4c(O)ccc(Cl)c4[C@@H](O)[C@H]3C[C@@H]12,0.04139268515822508
N[C@@H](CCC(=O)N[C@@H](CS(=O)(=O)CCOP(=O)(N(CCCl)CCCl)N(CCCl)CCCl)C(=O)N[C@@H](C(=O)O)c1ccccc1)C(=O)O,1.4548448600085102
N[C@@H](CC(=O)N1CCn2c(nnc2C(F)(F)F)C1)Cc1cc(F)c(F)cc1F,0.7781512503836436
C[C@@H](O[C@H]1OCCN(Cc2n[nH]c(=O)[nH]2)[C@H]1c1ccc(F)cc1)c1cc(C(F)(F)F)cc(C(F)(F)F)c1,0.0
CO[C@@]1(NC(=O)[C@H](C(=O)O)c2ccsc2)C(=O)N2[C@@H](C(=O)O)C(C)(C)S[C@@H]21,-0.46852108295774486
NC(=O)[C@@H]1CC[C@@H]2CN1C(=O)N2OS(=O)(=O)O,0.4409090820652177
CCC[C@@H]1CC(=O)N([C@@H](CC)C(N)=O)C1,-0.12493873660829995
COc1cc(F)ccc1Cn1ccc2c3c(ncc21)C(=O)N(O)CC3,1.3802112417116061
CCN1CCN(C(=O)N[C@@H](C(=O)N[C@]2(OC)C(=O)N3C(C(=O)O)=C(CSc4nnnn4C)CS[C@@H]32)[C@H](C)O)C(=O)C1=O,0.04139268515822508
CCCNCC(O)COc1ccccc1C(=O)CCc1ccccc1,1.2041199826559248
c1ccc(C2(N3CCCCC3)CCCCC2)cc1,0.7075701760979364
O=C(/C=C/c1ccc(O)c(O)c1)O[C@@H]1C[C@](OC(=O)/C=C/c2ccc(O)c(O)c2)(C(=O)O)C[C@@H](O)[C@H]1O,0.9395192526186185
CC(C)Oc1ccccc1N1CCN(Cc2cccc(C(=O)N3CCCCC3)c2)CC1,0.7902851640332417
CN1CCN(CC(=O)N2c3ccccc3C(=O)Nc3cccnc32)CC1,0.4424797690644485
Cc1cnc(C(=O)N[C@H]2CCCCC/C=C\[C@@H]3C[C@@]3(C(=O)NS(=O)(=O)C3CC3)NC(=O)[C@@H]3C[C@@H](Oc4nc5ccccc5c5ccccc45)CN3C2=O)cn1,0.7589118923979735
CCOC(=O)[C@H](CCc1ccccc1)N[C@@H](C)C(=O)N1Cc2cc(OC)c(OC)cc2C[C@H]1C(=O)O,0.7993405494535817
CC[C@@]1(O)C(=O)OCc2c1cc1n(c2=O)Cc2cc3c(N)cccc3nc2-1,0.8129133566428556
Nc1nc(=O)c2ncn(CCC(CO)CO)c2[nH]1,0.9242792860618817
CCOc1ccc(NC(C)=O)cc1,1.3222192947339193
CC(CN(C)C)CN1c2ccccc2CCc2ccccc21,1.2041199826559248
C=C[C@@H]1CNCC[C@@H]1CCCc1ccnc2ccc(OC)cc12,1.414973347970818
CC[C@@]1(O)C(=O)OCc2c1cc1n(c2=O)Cc2c-1nc1cc3c(cc1c2CN1CCN(C)CC1)OCCO3,1.3991543339582164
CN1CCN(CCCCN2C(=O)CN(/N=C/c3ccc(-c4ccc(Cl)cc4)o3)C2=O)CC1,0.38021124171160603
CO/N=C(\C(=O)N[C@@H]1C(=O)N2C(C(=O)[O-])=C(C[N+]3(C)CCCC3)CS[C@H]12)c1csc(N)n1,0.3424226808222063
Cc1cc(O)c2c(=O)c3c(O)cc(O)c4c5c(O)cc(O)c6c(=O)c7c(O)cc(C)c8c1c2c(c34)c(c78)c65,-0.8860566476931633
CN(C)CCCN1c2ccccc2CCc2ccc(Cl)cc21,0.9138138523837167
COc1cc2c(cc1OC)CC(=O)N(CCCN(C)C[C@H]1Cc3cc(OC)c(OC)cc31)CC2,1.011570443597278
Nc1cc(N2CCCCC2)nc(N)[n+]1[O-],1.0606978403536118
COc1ccc(OC)c([C@H](O)CNC(=O)CN)c1,1.4456042032735976
CCNCC(O)c1cccc(O)c1,1.146128035678238
CC1(C)C(C(=O)O)N2C(=O)CC2S1(=O)=O,0.7075701760979364
N[C@@H](C(=O)N[C@@H]1C(=O)N2C(C(=O)O)=C(CSc3c[nH]nn3)CS[C@H]12)c1ccc(O)cc1,0.5185139398778875
Cc1c(F)cc(C(=O)NC2CC2)cc1-c1ccc(C(=O)NCC(C)(C)C)cn1,0.5763413502057929
CC(=N)N1CC[C@H](Oc2ccc([C@H](Cc3ccc4ccc(C(=N)N)cc4c3)C(=O)O)cc2)C1,0.26951294421791633
CCN(CC)CCN1C(=O)c2c(c3c4cccc(Cl)c4n([C@@H]4O[C@H](CO)[C@@H](OC)[C@H](O)[C@H]4O)c3c3[nH]c4c(Cl)cccc4c23)C1=O,0.49554433754644844
CN[C@@H]1[C@H](O[C@H]2[C@H](O[C@H]3[C@H](O)[C@@H](O)[C@H](NC(=N)N)[C@@H](O)[C@@H]3NC(=N)N)O[C@@H](C)[C@]2(O)C=O)O[C@@H](CO)[C@H](O)[C@H]1O,-0.10790539730951958
CCCNc1nc(NCCC)nc(N(C)OC)n1,1.0755469613925308
O=C(N[C@@H]1CC[C@@H](c2cccc(F)c2F)CN(CC(F)(F)F)C1=O)N1CCC(n2c(=O)[nH]c3ncccc32)CC1,0.7634279935629373
CCn1cnc(C(=O)NC)c1C(=O)NC,1.08278537031645
CCCC[C@@H]1CC(=O)[C@]2(O)O[C@@H]3[C@@H](NC)[C@@H](O)[C@@H](NC)[C@H](O)[C@H]3O[C@@H]2O1,0.23044892137827394
CC[C@]1(O)C[C@@H]2CN(CCc3c([nH]c4ccccc34)[C@@](C(=O)OC)(c3cc4c(cc3OC)N(C=O)[C@H]3[C@@](O)(C(=O)OC)[C@H](OC(C)=O)[C@]5(CC)C=CCN6CC[C@]43[C@@H]65)C2)C1,0.3010299956639812
C[C@@H]([C@@H](O)c1ccc(O)cc1)N1CCC(O)(c2ccccc2)CC1,1.4313637641589874
CCN1C[C@H]2CN(C)C[C@@H](C1)C2OC(=O)c1ccc(Cl)cc1,1.2304489213782739
CCCCCN(CCCOC)C(=O)[C@@H](CCC(=O)O)NC(=O)c1ccc(Cl)c(Cl)c1,0.568201724066995
CN(C)C(=N)NC(=N)N,0.8692317197309762
Nc1nc(=O)c2nc(CNc3ccc(C(=O)N[C@@H](CCC(=O)O)C(=O)O)cc3)cnc2[nH]1,1.7160033436347992
C#C[C@]1(O)CC[C@H]2[C@@H]3CCC4=Cc5oncc5C[C@]4(C)[C@H]3CC[C@@]21C,1.1961761850399735
CCN(CC)CC#CCOC(=O)C(O)(c1ccccc1)C1CCCCC1,0.7075701760979364
CC[C@H]1CN2CC[C@H]1C[C@@H]2[C@@H](O)c1ccnc2ccc(OC)cc12,0.6232492903979004
Cc1cnc(C(=O)NCCc2ccc(S(=O)(=O)NC(=O)NC3CCCCC3)cc2)cn1,-0.25181197299379954
CCCN1CCCC[C@H]1C(=O)Nc1c(C)cccc1C,0.7403626894942439
CC(=O)Nc1ccc(OC[C@H](O)CNC(C)C)cc1,0.35793484700045375
O=P1(NCCCl)OCCCN1CCCl,0.04139268515822508
COc1cccc(OC)c1C(=O)N[C@@H]1C(=O)N2[C@@H]1SC(C)(C)[C@@H]2C(=O)O,0.8195439355418687
CC(=O)Nc1ccc(C2=NNC(=O)C[C@H]2C)cc1,-0.3467874862246563
Cc1c(CN(C)C(=O)/C=C/c2cnc3c(c2)CCC(=O)N3)oc2ccccc12,-0.045757490560675115
CCOP(=O)(OCC)C(C)NC(=O)N(CCCl)N=O,1.2671717284030137
CCC1(c2cnc[nH]2)Cc2ccccc2C1,1.2922560713564761
CC1(C)S[C@@H]2[C@H](/N=C/N3CCCCCC3)C(=O)N2[C@H]1C(=O)O,0.7993405494535817
Cc1onc(-c2ccccc2)c1-c1ccc(S(N)(=O)=O)cc1,0.14612803567823798
Oc1ccc2c(c1)[C@@]13CCCC[C@@]1(O)[C@@H](C2)N(CC1CCC1)CC3,1.6127838567197355
COC(=O)C1=C(C)NC(C)=C(C(=O)OCCN(C)Cc2ccccc2)C1c1cccc([N+](=O)[O-])c1,1.0413926851582251
CCCc1cc(=O)[nH]c(=S)[nH]1,0.4913616938342727
NCCCNCCSP(=O)(O)O,1.4864304788544338
Cc1cn[nH]c1,-0.1366771398795441
CC(C)[C@@H](CC[C@@H](C)[C@H]1CC[C@H]2[C@@H]3[C@H](O)C[C@H]4C[C@@H](NCCCNCCCCN)CC[C@]4(C)[C@H]3CC[C@]12C)OS(=O)(=O)O,0.07918124604762482
Cn1nnc2c(C(N)=O)ncn2c1=O,0.5563025007672873
COC(=O)C[C@@](O)(CCCC(C)(C)O)C(=O)O[C@@H]1C(OC)=C[C@]23CCCN2CCc2cc4c(cc2[C@H]13)OCO4,0.4712917110589386
CCCC(C)C1(CC)C(=O)NC(=O)NC1=O,-0.3279021420642826
N=C(N)N1CCC[C@@H](CNC(=O)C[C@H](NS(=O)(=O)c2ccc3ccccc3c2)C(=O)N(CC(=O)O)C2CC2)C1,0.8061799739838872
CCOC(=O)N[C@@H]1CC[C@@H]2[C@@H](C1)C[C@H]1C(=O)O[C@H](C)[C@H]1[C@H]2/C=C/c1ccc(-c2cccc(F)c2)cn1,-0.46852108295774486
Cn1c(CCCC(=O)O)nc2cc(N(CCCl)CCCl)ccc21,0.6522463410033232
O=c1[nH]cc(F)c(=O)[nH]1,1.414973347970818
Cn1c(=O)c2c(ncn2CC2OCCO2)n(C)c1=O,0.8344207036815325
CCCCNc1cc(C(=O)O)cc(S(N)(=O)=O)c1Oc1ccccc1,0.3979400086720376
CC(C)(C)NC[C@@H](O)COc1cccc2c1CCC(=O)N2,1.0043213737826426
CN(C)C(=O)Oc1cccc([N+](C)(C)C)c1,0.9637878273455552
COC(=O)CCc1ccc(OCC(O)CNC(C)C)cc1,2.462397997898956
C/C(=C\[C@H](C(C)C)N(C)C(=O)[C@@H](NC(=O)[C@H]1CCCCN1C(C)C)C(C)(C)C)C(=O)O,-0.01322826573375516
C[C@@H]1CN[C@@H](C2CC2)C(=O)N(C)[C@H](C)C(=O)N[C@H](Cc2ccc(F)cc2)C(=O)NCCCc2ccccc2O1,-1.0
CCCCCCCCC/C=C/C=C/C(=O)NCC(=O)N[C@@H]1[C@@H](O)[C@@H](O)[C@@H](Nc2[nH]cnc3ncnc2-3)O[C@H]1[C@@H](O)CO,0.43136376415898736
CN(C)CCCC1(c2ccc(F)cc2)OCc2cc(C#N)ccc21,0.6334684555795865
CC1=C(C(=O)O)N2C(=O)[C@@H](NC(=O)[C@H](N)C3=CCC=CC3)[C@H]2SC1,0.5185139398778875
CCOCCn1c(C2CCN(CCc3ccc(C(C)(C)C(=O)O)cc3)CC2)nc2ccccc21,0.4578818967339924
CCCCCCN1CCC(C(=O)N(C)CC)(c2ccccc2)CC1,1.3802112417116061
NC[C@H]1CC[C@H](C(=O)O)CC1,0.38021124171160603
O=S(=O)(O)c1cc(O)ccc1O,-0.060480747381381476
CC(C)[C@H](NC(=O)[C@H](C(C)C)N(C)C)C(=O)N(C)[C@H](C(=O)N1CCC[C@H]1C(=O)N1CCC[C@H]1C(=O)NC(C)(C)C)C(C)C.Cl,0.9822712330395684
CO/N=C(\C(=O)N[C@@H]1C(=O)N2C(C(=O)O)=C(COC(N)=O)CS[C@H]12)c1ccco1,0.3424226808222063
C[C@@H](O)[C@H]1C(=O)N2C(C(=O)O)=C(S[C@H]3CC[S@@+]([O-])C3)S[C@@H]12,0.7075701760979364
CC(C)n1c(/C=C/[C@H](O)C[C@H](O)CC(=O)O)c(-c2ccc(F)cc2)c2ccccc21,1.2041199826559248
CC(=O)O[C@@]12CO[C@@H]1C[C@H](O)[C@@]1(C)C(=O)[C@H](O)C3=C(C)[C@@H](OC(=O)[C@H](O)[C@@H](NC(=O)OC(C)(C)C)c4ccccc4)C[C@@](O)([C@@H](OC(=O)c4ccccc4)[C@H]21)C3(C)C,1.146128035678238
CN(c1nc2ccccc2s1)C1CCN(C[C@H](O)COc2ccc(F)c(F)c2)CC1,0.23044892137827394
COc1cc2nc(N(C)CCCNC(=O)C3CCCO3)nc(N)c2cc1OC,0.7708520116421442
OC(c1ccccc1)(c1ccccc1)C12CC[N+](CCOCc3ccccc3)(CC1)CC2,1.5556988947189014
CCCC(CCC)C(=O)O,-0.7958800173440752
CCCCCCCC(=O)N[C@H](CN1CCCC1)[C@H](O)c1ccc2c(c1)OCCO2,1.321184027302314
COc1cccc2c1C(=O)c1c(O)c3c(c(O)c1C2=O)C[C@@](O)(C(=O)CO)C[C@@H]3O[C@H]1C[C@H](N)[C@H](OCc2ccccc2)[C@H](C)O1,1.2671717284030137
Cc1cccnc1NS(=O)(=O)c1ccc(C#Cc2ccc(O)c(C(=O)O)c2)cc1,-1.154901959985743
NC(=S)N/N=C/c1ncccc1N,0.42324587393680785
CC(=O)CCCCn1c(=O)c2c(ncn2C)n(C)c1=O,1.5910646070264993
CCN1CCN(C(=O)N[C@@H](C(=O)N[C@@H]2C(=O)N3C(C(=O)O)=C(CSc4nnnn4C)CS[C@H]23)c2ccc(O)cc2)C(=O)C1=O,0.11394335230683679
CCCc1c2oc(C(=O)O)cc(=O)c2cc2c(=O)cc(C(=O)O)n(CC)c12,1.0086001717619175
CCCC(=O)Nc1ccc(OCC(O)CNC(C)C)c(C(C)=O)c1,1.0
CCN[C@@H](C)Cc1cccc(C(F)(F)F)c1,1.0413926851582251
CN(C)CCCOc1nn(Cc2ccccc2)c2ccccc12,0.35793484700045375
C[C@H](CCc1ccccc1)NC[C@H](O)c1ccc(O)c(C(N)=O)c1,1.462397997898956
C#CCN(Cc1cc2c(=O)nc(C)[nH]c2cc1C)c1ccc(C(=O)N[C@@H](CCc2nnn[nH]2)C(=O)O)c(F)c1,-0.5376020021010439
C[N+](C)([O-])CCCN1c2ccccc2CCc2ccccc21,1.0791812460476249
CN(C)C(=O)Oc1cc(OC(=O)N(C)C)cc(C(O)CNC(C)(C)C)c1,1.255272505103306
Cn1c(=O)c2c(ncn2CC(O)CO)n(C)c1=O,0.6812412373755872
NC[C@H]1O[C@H](O[C@H]2[C@H](O)[C@@H](O[C@H]3O[C@H](CO)[C@@H](O)[C@H](N)[C@H]3O)[C@H](N)C[C@@H]2N)[C@H](O)[C@@H](O)[C@@H]1O,0.14612803567823798
Cc1nc2sccn2c(=O)c1CCN1CCC(=C(c2ccc(F)cc2)c2ccc(F)cc2)CC1,-0.2924298239020636
C=C(C[C@H](NC(=O)c1ccc(CCc2cnc3nc(N)nc(N)c3n2)cc1)C(=O)O)C(=O)O,0.4885507165004443
CC(=O)[C@H]1CC[C@H]2[C@@H]3CC[C@@H]4C[C@H](O)CC[C@]4(C)[C@H]3CC[C@]12C,1.3424226808222062
O=NNc1cnccn1,1.1798389280231867
C/C=C/c1cc(OC)c(OC)cc1OC,0.9444826721501687
COc1ccc(CCO[C@@H]2CCCC[C@H]2N2CC[C@@H](O)C2)cc1OC,0.9185545305502735
CC[C@H](C)[C@@H]([C@@H](CC(=O)N1CCC[C@H]1[C@H](OC)[C@@H](C)C(=O)NCCc1ccccc1)OC)N(C)C(=O)[C@@H](NC(=O)[C@H](C(C)C)N(C)C)C(C)C,0.2041199826559248
CO/N=C(\C(=O)N[C@@H]1C(=O)N2C(C(=O)O)=C(C)CS[C@H]12)c1csc(N)n1,0.2787536009528289
NS(=O)(=O)OC[C@@H]1C[C@@H](n2ccc3c(N[C@H]4CCc5ccccc54)ncnc32)C[C@@H]1O,0.9084850188786497
C[C@]12CC[C@H]3[C@@H](CCC4=CC(=O)CC[C@@]43C)[C@@H]1CC[C@@H]2O,1.3891660843645326
COc1cccc2c1c(NS(=O)(=O)c1ccc(Cl)s1)nn2Cc1cccc(CNC(=O)C(C)(C)O)c1,0.7075701760979364
COc1ccccc1N1CCN(C[C@@H](O)COc2cccc3ccccc23)CC1,1.0413926851582251
C[C@@](O)(/C=C/[C@H]1CC=CC(=O)O1)[C@@H](C[C@@H](O)/C=C\C=C/C=C/CO)OP(=O)(O)O,0.07918124604762482
O=C(CCCN1CCC(O)(c2ccc(Cl)cc2)CC1)c1ccc(F)cc1,0.8920946026904804
CC(C)(C)NC(=O)[C@H]1CC[C@H]2[C@@H]3CC=C4C=C(C(=O)O)CC[C@]4(C)[C@H]3CC[C@]12C,-0.4814860601221125
CC[C@@H](C(N)=O)N1CCCC1=O,-0.045757490560675115
COCCCN1CCC(NC(=O)c2cc(Cl)c(N)c3c2OCC3)CC1,0.6580113966571124
CC(=O)N(O)CCCCCNC(=O)CCC(=O)N(O)CCCCCNC(=O)CCC(=O)N(O)CCCCCN,0.9206450014067876
C=C(Br)C(=O)Nc1cc(C(=O)Nc2cc(C(=O)Nc3cc(C(=O)Nc4cc(C(=O)NCCN=C(N)N)n(C)c4)n(C)c3)n(C)c2)n(C)c1,0.7118072290411911
CC(=O)O[C@H]1C[C@@]2(C)[C@@H](C[C@@H](O)[C@H]3[C@]4(C)CC[C@@H](O)[C@@H](C)[C@@H]4CC[C@]32C)/C1=C(/CCC=C(C)C)C(=O)O,-0.45593195564972444
CN(C)CCNc1ccc2c3c(nn2CCNCCO)-c2cnccc2C(=O)c13,1.4313637641589874
Oc1cccc(-c2c3nc(c(-c4cccc(O)c4)c4ccc([nH]4)c(-c4cccc(O)c4)c4nc(c(-c5cccc(O)c5)c5ccc2[nH]5)CC4)C=C3)c1,-1.2218487496163564
CCOC(=O)[C@H]1[C@@H](OC(=O)c2ccccc2)C[C@@H]2CC[C@H]1N2C,1.1139433523068367
CC[C@H](C)C(=O)O[C@H]1C[C@@H](C)C=C2C=C[C@H](C)[C@H](CC[C@@H](O)C[C@@H](O)CC(=O)O)[C@H]21,0.8573324964312685
C[C@]12CC[C@@H]3c4ccc(O)cc4C[C@H](CCCCCCCCC[S+]([O-])CCCC(F)(F)C(F)(F)F)C3[C@@H]1CC[C@@H]2O,1.0718820073061255
CC(=O)N1CCN([C@H]2CCN(C(=O)N(C)[C@H](C)c3cc(C(F)(F)F)cc(C(F)(F)F)c3)[C@@H](c3ccc(F)cc3C)C2)CC1,0.48713837547718647
CCCCCCC(C)(C)c1cc(O)c2c(c1)OC(C)(C)[C@H]1CC=C(CO)C[C@H]21,1.330007700872759
N=C(N)NC(=O)c1cnn(-c2cccc3ncccc23)c1C1CC1,1.3222192947339193
C[C@@H](O)[C@H]1C(=O)N2C(C(=O)O)=C(S[C@@H]3CN[C@H](C(=O)Nc4cccc(C(=O)O)c4)C3)[C@H](C)[C@H]12,-0.3467874862246563
COc1ccc2c3c1O[C@H]1[C@@H](O)CC[C@H]4[C@@H](C2)N(C)CC[C@@]341,0.6242820958356683
CN1[C@@H]2C[C@@H](OC(=O)[C@H](CO)c3ccccc3)C[C@H]1[C@@H]1O[C@@H]12,1.2041199826559248
C[C@@H](O[C@H]1OCCN(Cc2nc(=O)n(P(=O)(O)O)[nH]2)[C@H]1c1ccc(F)cc1)c1cc(C(F)(F)F)cc(C(F)(F)F)c1,1.2695129442179163
Nc1nc(N/N=C/C2CCCCC2)nc2c1ncn2[C@@H]1O[C@H](CO)[C@@H](O)[C@H]1O,1.5538830266438743
CCN1CCC[C@H]1CNC(=O)c1c(O)c(Cl)cc(Cl)c1OC,0.07918124604762482
O=C1NCC2(CCN(CCc3ccccc3)CC2)O1,0.414973347970818
CCC(=O)OCC(=O)[C@@]1(OC(=O)CC)[C@@H](C)C[C@H]2[C@@H]3CCC4=CC(=O)C=C[C@]4(C)[C@@]3(Cl)[C@@H](O)C[C@@]21C,1.5563025007672873
CO/N=C1\CN(c2nc3c(cc2F)c(=O)c(C(=O)O)cn3C2CC2)CC1CN,0.8573324964312685
Nc1nc(Cl)nc2c1ncn2[C@H]1C[C@H](O)[C@@H](CO)O1,1.146128035678238
CCCNC(C)C(=O)Nc1ccccc1C,1.462397997898956
COc1ccc(CCN(C)CCC[C@](C#N)(c2cc(OC)c(OC)c(OC)c2)C(C)C)cc1OC,1.1553360374650619
O=C(/C=C/c1ccc(CN(CCO)CCc2c[nH]c3ccccc23)cc1)NO,0.8808135922807914
C[C@@H]1O[C@@H](O[C@@H]2[C@H](C)O[C@@H](O[C@H]3C[C@](O)(C(=O)CO)Cc4c(O)c5c(c(O)c43)C(=O)c3ccccc3C5=O)C[C@@H]2O)C[C@H](N)[C@@H]1O,0.3979400086720376
CN(C(=O)Cc1cccc2sccc12)[C@@H]1CCCC[C@H]1N1CCCC1,0.47712125471966244
Fc1ccc([C@@H]2CCNC[C@H]2COc2ccc3c(c2)OCO3)cc1,1.255272505103306
CS(=O)(=O)c1cc(F)cc2c3c(n(Cc4ccc(Cl)cc4)c12)[C@@H](CC(=O)O)CC3,0.08278537031645007
C=CCc1ccccc1OCC(O)CNC(C)C,1.1760912590556813
CC[C@@]1(O)CC(=O)OCc2c1cc1n(c2=O)Cc2cc3cc(F)c(F)cc3nc2-1,0.9253120914996495
COc1cc(Cc2cnc(N)nc2N)c2cc(Cc3c(C(=O)N(C)C)[nH]c4ccc(Cl)cc34)oc2c1OC,0.8744818176994665
CCCC(C)(COC(N)=O)COC(N)=O,-0.22184874961635637
Nc1nc2[nH]cc(CCc3ccc(C(=O)N[C@H](CCC(=O)O)C(=O)O)cc3)c2c(=O)[nH]1,0.11394335230683679
CC1CNc2c(cccc2S(=O)(=O)N[C@@H](CCCNC(=N)N)C(=O)N2CC[C@@H](C)C[C@@H]2C(=O)O)C1,0.6989700043360189
CN(C(=O)c1c(O)c2ccccc2n(C)c1=O)c1ccccc1,-1.0861861476162833
CO/N=C(\C(=O)N[C@@H]1C(=O)N2C(C(=O)O)=C(CSc3nc(=O)c(O)nn3C)CS[C@H]12)c1csc(N)n1,-0.6575773191777937
CN(C)C[C@H](c1ccc(O)cc1)C1(O)CCCCC1,0.6901960800285137
CS(=O)(=O)c1ccc([C@@H](O)[C@@H](COC(=O)CN)NC(=O)C(Cl)Cl)cc1,0.9822712330395684
CS(=O)(=O)c1ccc2c(c1)N(CCCN1CCC(C(N)=O)CC1)c1ccccc1S2,1.0842186867392387
C=C1/C(=C\C=C2/CCC[C@]3(C)[C@@H]([C@H](C)CCCC(C)C)CC[C@@H]23)C[C@@H](O)C[C@@H]1O,-0.08618614761628333
CO/N=C(\C(=O)N[C@@H]1C(=O)N2C(C(=O)[O-])=C(C[n+]3cccc4c3CCC4)CS[C@H]12)c1csc(N)n1,0.2787536009528289
CC(C)NCC(O)c1ccc(O)c(O)c1,1.7481880270062005
COc1cc2nc(N3CCN(C(=O)C4COc5ccccc5O4)CC3)nc(N)c2cc1OC,0.2041199826559248
NC12CC3CC(CC(C3)C1)C2,0.6812412373755872
CN[C@@H]1CCc2[nH]c3ccc(C(N)=O)cc3c2C1,0.3979400086720376
COc1ccc([C@@H]2CNC(=O)C2)cc1OC1CCCC1,0.7993405494535817
O=C(O[C@H]1C[N+]2(CCCOc3ccccc3)CCC1CC2)C(O)(c1cccs1)c1cccs1,1.6857417386022637
CCCc1c(OCCCS(=O)(=O)c2ccc(C(=O)CCC(=O)O)cc2)ccc(C(C)=O)c1O,1.2415464805965484
CC1=C(C/C=C(\C)CCC[C@H](C)CCC[C@H](C)CCCC(C)C)C(=O)c2ccccc2C1=O,0.2041199826559248
CCC(=O)NCC[C@@H]1CCc2ccc3c(c21)CCO3,1.1172712956557642
COC[C@@H](O)CN(C(C)=O)c1c(I)c(C(=O)NC[C@H](O)CO)c(I)c(C(=O)NC[C@H](O)CO)c1I,0.10380372095595687
C[C@@H](O)[C@H]1C(=O)N2C(C(=O)[O-])=C(SC3Cn4cnc[n+]4C3)[C@H](C)[C@H]12,0.3979400086720376
Cc1ncc([N+](=O)[O-])n1C[C@H](O)CCl,0.03342375548694973
COCc1c(C(C)C)nc(C(C)C)c(/C=C/[C@@H](O)C[C@@H](O)CC(=O)O)c1-c1ccc(F)cc1,0.4623979978989561
O=C(O[C@H]1CN2CCC1CC2)N1CCc2ccccc2[C@@H]1c1ccccc1,0.3222192947339193
COc1cc(OC)c(C(=O)CCCN2CCCC2)c(OC)c1,0.7481880270062004
O=P(O)(O)C(Cl)(Cl)P(=O)(O)O,0.2041199826559248
Cc1onc(-c2c(Cl)cccc2Cl)c1C(=O)N[C@@H]1C(=O)N2[C@@H]1SC(C)(C)[C@@H]2C(=O)O,0.3010299956639812
CNC(=O)Oc1ccc2c(c1)[C@@]1(C)CCN(C)[C@@H]1N2C,1.8573324964312685
CC(CN1c2ccccc2Sc2ccccc21)N(C)C,1.146128035678238
CCN(CC)CCNC(=O)c1cc(S(C)(=O)=O)ccc1OC,0.6720978579357175
C[C@H](NCc1ccc(OCc2cccc(F)c2)cc1)C(N)=O,0.06818586174616162
CC(C)(C)C1(O)CC2OC(=O)CC23C(=O)OC2OC(=O)C(O)C231,1.0
CCOC(=O)c1ncn2c1CN(C)C(=O)c1cc(F)ccc1-2,1.2041199826559248
CC(C)(C(=O)O)c1ccc(C(=O)CCCN2CCC(OC(c3ccccc3)c3ccccc3)CC2)cc1,-0.3979400086720376
CC(C)[C@H]1CC[C@H](C(=O)N[C@H](Cc2ccccc2)C(=O)O)CC1,0.25527250510330607
Cc1cc(=O)n(-c2ccccc2)n1C,-0.1938200260161128
COCC(=O)O[C@]1(CCN(C)CCCc2nc3ccccc3[nH]2)CCc2cc(F)ccc2[C@@H]1C(C)C,0.6020599913279624
NC1CCN(c2c(F)cc3c(=O)c(C(=O)O)cn(C4CC4)c3c2Cl)C1,0.6720978579357175
CCc1nc(N)nc(N)c1-c1ccc(Cl)cc1,-1.2839966563652008
CNCC[C@@H](O)[C@@H]1C[C@H](SC2=C(C(=O)O)N3C(=O)[C@H]([C@@H](C)O)[C@H]3[C@H]2C)CN1,0.3053513694466238
CC(C)NC[C@H](O)COc1ccc(O)cc1,1.3443922736851108
Cc1cccc(C)c1NC(=O)C1CCCCN1C,0.8325089127062363
CNS(=O)(=O)CCc1ccc2[nH]cc(C3CCN(C)CC3)c2c1,0.8195439355418687
Cc1ccccc1N1C(=O)c2cc(S(N)(=O)=O)c(Cl)cc2NC1C,0.14612803567823798
C[C@]12CCC(=O)C=C1CC[C@@H]1[C@@H]2[C@@H](O)C[C@@]2(C)[C@H]1CC[C@]2(O)C(=O)CO,0.7558748556724915
Nc1cc(-c2ccncc2)c[nH]c1=O,0.9493900066449128
C[C@H](Cn1cnc2c(N)ncnc21)OCP(=O)(O)O,0.4913616938342727
CCN(CC)C(=O)/C(C#N)=C/c1cc(O)c(O)c([N+](=O)[O-])c1,1.0791812460476249
OCCN1C[C@H](O)[C@@H](O)[C@H](O)[C@H]1CO,0.23044892137827394
O=C1c2c(c3c4ccc(O)cc4n([C@@H]4O[C@H](CO)[C@@H](O)[C@H](O)[C@H]4O)c3c3[nH]c4cc(O)ccc4c23)C(=O)N1NC(CO)CO,1.403120521175818
CC(N)CCCC(C)(C)O,1.0301947853567512
CC(C)N(CCC(C(N)=O)(c1ccccc1)c1ccccn1)C(C)C,-0.045757490560675115
CO/N=C(\C(=O)N[C@H]1C(=O)N2C(C(=O)O)=C(CSc3nnnn3C)CS[C@H]12)c1csc(N)n1,0.5622928644564748
CN1C(=O)[C@H](O)C[C@H]1c1cccnc1,0.25527250510330607
CCCCCc1cc(O)c2c(c1)OC(C)(C)c1ccc(C)cc1-2,1.251638220448212
CC[C@@]1(O)C(=O)OCc2c1cc1n(c2=O)Cc2c-1nc1ccc(O)cc1c2[Si](C)(C)C(C)(C)C,0.7781512503836436
COc1ccccc1N1CCN(CCCNc2cc(=O)n(C)c(=O)n2C)CC1,0.4913616938342727
CCOC(=O)c1ccc(C#Cc2ccc3c(c2)C(C)(C)CCS3)nc1,1.5705429398818975
CCOc1ccccc1OCC1CNCCO1,0.3222192947339193
COc1ccc(CC(C)(C)NC[C@H](O)c2cc(O)cc3c2OCC(=O)N3)cc1,1.095169351431755
Cc1cc(NS(=O)(=O)c2ccc(N)cc2)no1,-0.44369749923271273
COCCN1CCN(Cc2ccc(-c3n[nH]c4c3C(=O)c3c(NC(=O)NN5CCOCC5)cccc3-4)cc2)CC1,1.0606978403536118
CN(C)c1cc(NC(=O)CNC(C)(C)C)c(O)c2c1C[C@H]1C[C@H]3[C@H](N(C)C)C(O)=C(C(N)=O)C(=O)[C@@]3(O)C(O)=C1C2=O,0.5797835966168101
CC#CCn1c(N2CCC[C@@H](N)C2)nc2c1c(=O)n(Cc1nc(C)c3ccccc3n1)c(=O)n2C,0.2787536009528289
O=C1c2c(O)ccc(O)c2C(=O)c2c(NCCNCCO)ccc(NCCNCCO)c21,0.8976270912904415
N#Cc1ccc(C(c2ccc(C#N)cc2)n2cncn2)cc1,-0.24412514432750865
CCN(CC)CCNC(=O)c1cc(Cl)c(N)cc1O[C@H](C)C(C)=O,0.9694159123539814
CC1(C)CC[C@]2(C(=O)O)CC[C@]3(COC(=O)/C=C/c4cc(O)ccc4NC(=O)/C=C/C(=O)O)C(=CC[C@@H]4[C@@]5(C)CCC(=O)C(C)(C)[C@@H]5CC[C@]43C)[C@@H]2C1,0.8808135922807914
CN1Cc2c(N)cccc2C(c2ccccc2)C1,1.3424226808222062
C[C@]12C[C@]3(O)O[C@@H](O1)[C@@]1(COC(=O)c4ccccc4)[C@@H]3C[C@]12O[C@@H]1O[C@H](CO)[C@@H](O)[C@H](O)[C@H]1O,0.31175386105575426
C[C@@H]1C[C@H]2[C@H]3CCC4=CC(=O)C=C[C@]4(C)[C@@]3(Cl)[C@@H](O)C[C@]2(C)[C@@]1(OC(=O)c1ccco1)C(=O)CCl,1.1038037209559568
CC(C)C[C@H]1C(=O)N2CCC[C@H]2[C@]2(O)O[C@@](C)(NC(=O)[C@@H]3C[C@@H]4c5cccc6[nH]cc(c56)C[C@H]4N(C)C3)C(=O)N12,1.1089031276673134
NCCC(O)(P(=O)(O)O)P(=O)(O)O,0.3979400086720376
CC(Cc1ccc(O)cc1)NCC(O)c1cc(O)cc(O)c1,1.462397997898956
N[C@@H](Cc1ccc(O)c(O)c1)C(=O)O,1.3617278360175928
Nc1ccn([C@H]2CO[C@@H](CO)S2)c(=O)n1,0.47712125471966244
Nc1nc(=O)n([C@H]2C[C@H](O)[C@@H](CO)O2)cc1F,0.7067177823367587
CCc1c2c(nc3ccc(OC(=O)N4CCC(N5CCCCC5)CC4)cc13)-c1cc3c(c(=O)n1C2)COC(=O)[C@]3(O)CC,0.8450980400142568
CCN(C)C(=O)Oc1cccc([C@H](C)N(C)C)c1,1.0791812460476249
C[C@@H]1C(=O)O[C@H]2[C@H](O)C34[C@H]5C[C@@H](C(C)(C)C)C36[C@@H](OC(=O)[C@@H]6O)OC4(C(=O)O5)[C@@]12O,0.36172783601759284
C[C@@H](O)[C@H]1C(=O)N2C(C(=O)O)=C([C@H]3CCCO3)S[C@H]12,0.34830486304816066
C[C@H]1[C@H](C)CC[C@]2(C(=O)O)CC[C@@]3(C)C(=CC[C@@H]4[C@@]5(C)CC[C@H](O)C(C)(C)[C@@H]5CC[C@]43C)[C@H]12,0.5877109650189114
CN(C)CC/C=C1\c2ccccc2COc2ccccc21,1.146128035678238
OC[C@@H](O)[C@@H](O)[C@H](O)[C@H](O)CO,0.07918124604762482
C[C@H](C1=C(CCN(C)C)Cc2ccccc21)c1cnccn1,0.5314789170422551
COc1cc(C(=O)C(=O)N2CCCC[C@H]2C(=O)OC(CCCc2cccnc2)CCCc2cccnc2)cc(OC)c1OC,0.9294189257142927
CN(CCOc1ccc(CC2SC(=O)NC2=O)cc1)c1ccccn1,-0.18708664335714442
COc1ccc2[nH]cc(CCNC(C)=O)c2c1,1.2174839442139063
CC(=O)NCCCS(=O)(=O)O,0.5740312677277188
NC(=O)N1C(=O)/C(=C(\O)c2cccs2)c2cc(Cl)ccc21,-1.2365720064370627
CNC[C@@H]1CC[C@@H](N)[C@@H](O[C@@H]2[C@H](O)[C@@H](O[C@H]3OC[C@](C)(O)[C@H](NC)[C@H]3O)[C@H](N)C[C@@H]2N)O1,0.04139268515822508
CC[C@H](C)C(=O)O[C@H]1C[C@H](O)C=C2C=C[C@H](C)[C@H](CC[C@@H](O)C[C@@H](O)CC(=O)O)[C@H]21,1.146128035678238
Cc1nc2c([nH]1)-c1ccccc1N(C(=O)c1ccc(NC(=O)c3ccccc3-c3ccccc3)cc1)CC2,0.47712125471966244
O[C@@H]1[C@@H](O)[C@@H](O)OC[C@H]1O,0.37657695705651195
CNCC[C@H](Oc1cccc2ccccc12)c1cccs1,0.9329808219231982
CON=C(C(=O)N[C@H]1C(=O)N2C(C(=O)O)=C(CN3C=CN4NC=CC=C34)CS[C@H]12)c1nsc(N)n1,0.3222192947339193
O=C(CCCN1CCC(n2c(=O)[nH]c3ccccc32)CC1)c1ccc(F)cc1,0.919078092376074
C[C@]12CC[C@@H]3c4ccc(OC(=O)N(CCCl)CCCl)cc4CC[C@H]3[C@@H]1CC[C@@H]2OP(=O)(O)O,-0.026872146400301365
CC(C)=CCC[C@]1(C)C=Cc2c(O)c3c(c(CC=C(C)C)c2O1)O[C@]12C(=C[C@@H]4C[C@@H]1C(C)(C)O[C@@]2(C/C=C(/C)C(=O)O)C4=O)C3=O,0.09342168516223508
CCC(C)(C)NCC(O)COc1ccccc1C(=O)CCc1ccccc1,1.0413926851582251
CN(C)c1ccc(O)c2c1C[C@H]1C[C@H]3[C@H](N(C)C)C(O)=C(C(N)=O)C(=O)[C@@]3(O)C(O)=C1C2=O,0.07918124604762482
CSCCNc1nc(SCCC(F)(F)F)nc2c1ncn2[C@@H]1O[C@H](CO[P@](=O)(O)O[P@](=O)(O)C(Cl)(Cl)P(=O)(O)O)[C@@H](O)[C@H]1O,0.9571281976768131
CCN(CC)CCNC(=O)c1ccc(NS(C)(=O)=O)cc1,0.568201724066995
C=C[C@]1(C)C[C@@H](OC(=O)CS[C@@H]2CC[C@@H](N)C[C@H]2O)[C@]2(C)[C@H](C)CC[C@]3(CCC(=O)[C@H]32)[C@@H](C)[C@@H]1O,0.5976951859255123
Nc1ccc(S(=O)(=O)c2ccc(N)cc2)cc1,-0.31875876262441283
Nc1nc(Cl)nc2c1ncn2[C@@H]1O[C@H](CO)[C@@H](O)[C@@H]1F,0.8864907251724818
C=CC[N+]1([C@H]2C[C@H]3[C@@H]4CC[C@H]5C[C@H](O)[C@@H](N6CCOCC6)C[C@]5(C)[C@H]4CC[C@]3(C)[C@H]2OC(C)=O)CCCC1,0.568201724066995
CC(=O)O[C@H]1C(=O)[C@@]2(C)[C@H]([C@H](OC(=O)c3ccccc3)[C@]34OC(=O)O[C@H]3[C@H](OC(=O)[C@H](O)[C@H](CC(C)C)NC(=O)OC(C)(C)C)C(C)=C1C4(C)C)[C@]1(OC(C)=O)CO[C@@H]1C[C@@H]2O,0.9095560292411753
COc1ccc2cc1Oc1ccc(cc1)C[C@H]1c3cc(c(OC)cc3CCN1C)Oc1c(OC)c(OC)c(Br)c3c1[C@H](C2)N(C)CC3,0.9822712330395684
COc1c(OCCCN2CCOCC2)ccc2c1N=C(NC(=O)c1cnc(N)nc1)N1CCN=C21,0.8075350280688532
COc1c(N2C[C@@H]3CCCN[C@@H]3C2)c(F)cc2c(=O)c(C(=O)O)cn(C3CC3)c12,0.38021124171160603
CCOc1ccccc1O[C@H](c1ccccc1)[C@H]1CNCCO1,-0.08618614761628333
O=C(O)c1cn(C2CC2)c2cc(N3CCNCC3)c(F)cc2c1=O,0.919078092376074
CCN(CC)CCCC(C)Nc1ccnc2cc(Cl)ccc12,0.6127838567197355
CC(C)(C)NCC(O)c1ccc(O)c(CO)c1,0.8920946026904804
CC(=O)Oc1ccccc1C(=O)O,1.0791812460476249
CC(C)NC[C@@H](O)COc1cccc2c1N(C(=O)c1cccnc1)CCC2,0.5563025007672873
CN(Cc1cnc2nc(N)nc(N)c2n1)c1ccc(C(=O)N[C@@H](CCC(=O)O)C(=O)O)cc1,0.3222192947339193
Cc1nnc(C(C)C)n1C1C[C@H]2CC[C@@H](C1)N2CC[C@@H](NC(=O)C1CCC(F)(F)CC1)c1ccccc1,0.9731278535996987
Cc1nnc(SCC2=C(C(=O)O)N3C(=O)[C@@H](NC(=O)Cn4cc(Cl)c(=O)c(Cl)c4)[C@H]3SC2)s1,-0.022276394711152257
COC(=O)[C@@H]1[C@@H]2C[C@H]3c4[nH]c5ccccc5c4CCN3C[C@@H]2CC[C@@H]1O,1.1643528557844371
Cc1nccn1CCC(C(N)=O)(c1ccccc1)c1ccccc1,0.785329835010767
N=C(N)c1ccc(OCCCCCOc2ccc(C(=N)N)cc2)cc1,1.8692317197309762
c1ccc(C2(c3ccccc3)CC2C2=NCCN2)cc1,0.9344984512435677
O=C(c1ccc(F)c(F)c1Nc1ccc(I)cc1F)N1CC(O)([C@@H]2CCCCN2)C1,0.4471580313422192
Cc1[nH]c2ccccc2c1CCNCc1ccc(/C=C/C(=O)NO)cc1,1.0086001717619175
CC1(C)S[C@@H]2[C@H](NC(=O)[C@@H](c3ccccc3)S(=O)(=O)O)C(=O)N2[C@H]1C(=O)O,0.2041199826559248
CCCCc1ncc(/C=C(\Cc2cccs2)C(=O)O)n1Cc1ccc(C(=O)O)cc1,0.2787536009528289
CN1CC[C@]23c4c5ccc(O)c4O[C@H]2C(=O)CC[C@H]3[C@H]1C5,1.4471580313422192
Cc1ccc(-c2ncc(Cl)cc2-c2ccc(S(C)(=O)=O)cc2)cn1,-0.10237290870955856
O=C(/C=C/c1cccc(S(=O)(=O)Nc2ccccc2)c1)NO,1.3729120029701067
C/C=C/C1=C(C(=O)O)N2C(=O)[C@@H](NC(=O)[C@H](N)c3ccc(O)cc3)[C@H]2SC1,0.4623979978989561
COc1ccc2c3c1O[C@H]1C[C@@H](O)C=C[C@@]31CCN(C)C2,0.7481880270062004
O[C@](CO[C@@H]1CN2CCC1CC2)(c1ccccc1)C1CCCC1,0.29885307640970665
CC1(C)S[C@@H]2[C@H](NC(=O)[C@H](C(=O)O)c3ccsc3)C(=O)N2[C@H]1C(=O)O,0.25527250510330607
CC[C@H](CC[C@@H](C)[C@H]1CC[C@H]2[C@@H]3CC=C4C[C@@H](O)CC[C@]4(C)[C@H]3CC[C@]12C)C(C)C,-1.6989700043360187
CC[C@@H]([C@H](C)O)n1ncn(-c2ccc(N3CCN(c4ccc(OC[C@H]5CO[C@@](Cn6cncn6)(c6ccc(F)cc6F)C5)cc4)CC3)cc2)c1=O,0.6334684555795865
C[C@H](N[C@@H](CCc1ccccc1)C(=O)O)C(=O)N1CCC[C@H]1C(=O)O,0.2041199826559248
CC1(C)S[C@@H]2[C@H](NC(=O)[C@H](NC(=O)N3CCN(S(C)(=O)=O)C3=O)c3ccccc3)C(=O)N2[C@H]1C(=O)O,0.3222192947339193
CCOc1ccc(/C=C2\NCCc3cc(OCC)c(OCC)cc32)cc1OCC,0.5440680443502757
Cc1ncsc1CCCl,1.5185139398778875
CCCCc1nc(C)c(CC(=S)N(C)C)c(=O)n1Cc1ccc(-c2ccccc2-c2nnn[nH]2)cc1,0.9822712330395684
COc1cccc([C@@]2(O)CCCC[C@@H]2CN(C)C)c1,0.8129133566428556
C/C(O)=C(\C#N)C(=O)Nc1ccc(C(F)(F)F)cc1,-2.154901959985743
O=C1CCc2ccc(OCCCCN3CCN(c4cccc(Cl)c4Cl)CC3)cc2N1,-0.08092190762392612
NS(=O)(=O)c1cc(C(=O)O)cc(N2CCCC2)c1Oc1ccccc1,0.4913616938342727
Oc1ccc2c3c1O[C@H]1[C@@H](O)CC[C@@]4(O)[C@@H](C2)N(CC2CCC2)CC[C@]314,1.3424226808222062
Cc1cc(O)c2c(=O)c3c(O)cc(O)c4c5c(O)cc(O)c6c(=O)c7c(O)cc(CO)c8c1c2c(c34)c(c65)c78,-0.2076083105017461
O=C(NC[C@H]1CN(c2ccc(N3CCOCC3=O)cc2)C(=O)O1)c1ccc(Cl)s1,0.38021124171160603
N=C(N)NC(=O)Cc1c(Cl)cccc1Cl,0.6532125137753437
COc1ccccc1OC[C@H](O)CN1CCN(CC(=O)Nc2c(C)cccc2C)CC1,0.9777236052888478
O=C(NCCO[N+](=O)[O-])c1cccnc1,0.9493900066449128
C=C1/C(=C\C=C2/CCC[C@]3(C)[C@@H]([C@H](C)CCCC(C)(C)O)CC[C@@H]23)C[C@@H](O)C[C@@H]1O,-0.5086383061657274
COc1cccc2c1C(=N)c1c(O)c3c(c(O)c1C2=O)C[C@@](O)(C(=O)CO)C[C@@H]3O[C@H]1C[C@H](N)[C@H](O)[C@H](C)O1,1.1760912590556813
COc1cccc2c1[C@H](CO)N1[C@H](C#N)[C@@H]3C[C@H](C(=O)O)[C@H]([C@@H]1C2)N3C,0.48572142648158
C[C@H]1O[C@@H](O[C@H]2[C@@H](O)C[C@H](O[C@H]3[C@@H](O)C[C@H](O[C@H]4CC[C@@]5(C)[C@H](CC[C@@H]6[C@@H]5C[C@@H](O)[C@]5(C)[C@@H](C7=CC(=O)OC7)CC[C@]65O)C4)O[C@@H]3C)O[C@@H]2C)C[C@H](O)[C@@H]1O,0.23044892137827394
O=C1c2ccc3ccccc3c2C(=O)N1CCNCCCNCCN1C(=O)c2ccc3ccccc3c2C1=O,0.7558748556724915
CCCCCN(CCCOC)C(=O)C(CCC(=O)O)NC(=O)c1ccc(Cl)c(Cl)c1,0.0
CNn1cc(C(=O)O)c(=O)c2cc(F)c(N3CCN(C)CC3)cc21,0.658964842664435
N[C@@H]1CN(c2c(F)cc3c(=O)c(C(=O)O)cn([C@@H]4C[C@@H]4F)c3c2Cl)CC12CC2,0.568201724066995
CC(C)(C)c1cnc(CSc2cnc(NC(=O)C3CCNCC3)s2)o1,1.1139433523068367
C#C[C@]1(O)CC[C@H]2[C@@H]3CCc4cc(OS(=O)(=O)O)ccc4[C@H]3CC[C@@]21C,0.6720978579357175
C[C@](N)(Cc1ccc(O)c(O)c1)C(=O)O,0.5440680443502757
CCCC(=O)N1CCCN(c2nc(N)c3cc(OC)c(OC)cc3n2)CC1,0.6812412373755872
O=NN(CCCl)C(=O)NCCCl,1.8920946026904804
C[C@H]1c2cccc(O)c2C(=O)C2=C(O)[C@]3(O)C(=O)C(C(N)=O)=C(O)[C@@H](N(C)C)[C@@H]3[C@@H](O)[C@@H]21,-0.3372421683184259
CCOc1cc(CC(=O)N[C@@H](CC(C)C)c2ccccc2N2CCCCC2)ccc1C(=O)O,0.8920946026904804
C[C@@H](c1cccnc1F)c1c(CCN(C)C)sc2ccccc12,1.0170333392987805
CC[C@@]1(O)C[C@H](O[C@@H]2C[C@H](N3CCOCC3)[C@H](O)[C@H](C)O2)c2c(O)c3c(c(O)c2[C@H]1O)C(=O)c1cccc(O)c1C3=O,1.631443769013172
CC(C)COC[C@@H](CN(Cc1ccccc1)c1ccccc1)N1CCCC1,0.9395192526186185
CCCN[C@H](C)C(=O)Nc1c(C)csc1C(=O)OC,2.1027766148834415
CCC(C)n1ncn(-c2ccc(N3CCN(c4ccc(OCC5COC(Cn6cncn6)(c6ccc(Cl)cc6Cl)O5)cc4)CC3)cc2)c1=O,0.7075701760979364
Cc1ccccc1C(=O)Nc1ccc(C(=O)N2CCC[C@H](O)c3cc(Cl)ccc32)c(C)c1,0.38021124171160603
Cc1ccc([C@@H]2O[C@H](CO)[C@@H](O)[C@H](O)[C@H]2O)cc1Cc1ccc(-c2ccc(F)cc2)s1,0.437750562820388
CN(C)C(=O)CCS[C@H](SCCC(=O)O)c1cccc(/C=C/c2ccc3ccc(Cl)cc3n2)c1,-0.16749108729376366
COP(=O)(c1cc(C)cc(/C=C/C#N)c1)c1c(C(N)=O)[nH]c2ccc(Cl)c(F)c12,0.2624510897304295
CC(C)(C)NC[C@H](O)COc1nsnc1N1CCOCC1,0.9294189257142927
Nc1ccn([C@@H]2O[C@H](CO)[C@@H](O)[C@@H]2O)c(=O)n1,1.619823500457278
CCN(CC)CCN(Cc1ccc(-c2ccc(C(F)(F)F)cc2)cc1)C(=O)Cn1c(SCc2ccc(F)cc2)nc(=O)c2c1CCC2,0.6138418218760693
CO/N=C(/C(=O)N[C@@H]1C(=O)N2C(C(=O)[O-])=C(C[n+]3ccc(N)n3CCO)CS[C@H]12)c1csc(N)n1,0.24797326636180664
Nc1nc(OCc2cc(Br)cs2)c2[nH]cnc2n1,1.3334472744967505
CCCC[S@](=N)(=O)CC[C@H](N)C(=O)O,0.35793484700045375
O=c1[nH]c2ccccc2n1CCCN1CCC(n2c(=O)[nH]c3cc(Cl)ccc32)CC1,0.9777236052888478
O=C(O)CCCC[C@H]1CCSS1,1.1271047983648077
COc1ccc(Cl)cc1C(=O)NCCc1ccc(S(=O)(=O)NC(=O)NC2CCCCC2)cc1,-0.08618614761628333
CCC1=C[C@@H]2CN(CCc3c([nH]c4ccccc34)[C@@](C(=O)OC)(c3cc4c(cc3OC)N(C)[C@H]3[C@@](O)(C(=O)OC)[C@H](OC(C)=O)[C@]5(CC)C=CCN6CC[C@]43[C@@H]65)C2)C1,1.0791812460476249
O=C(NCCN1CCOCC1)c1ccc(Cl)cc1,1.0
CN(C)[C@@H]1C(O)=C(C(N)=O)C(=O)[C@@]2(O)C(O)=C3C(=O)c4c(O)cccc4[C@@](C)(O)[C@H]3C[C@@H]12,0.17609125905568124
CCO[C@@H](Cc1ccc(OCCc2ccc(OS(C)(=O)=O)cc2)cc1)C(=O)O,-1.408935392973501
O=C1CN=C(c2ccccc2Cl)c2cc([N+](=O)[O-])ccc2N1,-0.05551732784983137
CC(C)(N)CC(=O)N[C@@H]1CCc2ccccc2N(Cc2ccc(-c3ccccc3-c3nnn[nH]3)cc2)C1=O,0.48429983934678583
C[C@@H](O)[C@H]1C(=O)N2C(C(=O)O)=C(SCCNC=N)C[C@H]12,0.47712125471966244
CC[C@]1(O)C[C@H]2CN(CCc3c([nH]c4ccccc34)[C@@](C(=O)OC)(c3cc4c(cc3OC)N(C)[C@H]3[C@@](O)(C(N)=O)[C@H](O)[C@]5(CC)C=CCN6CC[C@]43[C@@H]65)C2)C1,0.3424226808222063
CN1C[C@H](C(=O)N[C@]2(C)O[C@@]3(O)[C@@H]4CCCN4C(=O)[C@H](Cc4ccccc4)N3C2=O)C=C2c3cccc4[nH]cc(c34)C[C@H]21,1.1760912590556813
CC(=O)OCC1=C(C(=O)O)N2C(=O)[C@@H](NC(=O)CC#N)[C@H]2SC1,0.5670263661590603
O=C1NC(c2ccccc2)(c2ccccc2)C(=O)N1COP(=O)(O)O,0.5440680443502757
O=C(C=Cc1c(C(=O)O)[nH]c2cc(Cl)cc(Cl)c12)Nc1ccccc1,-1.0506099933550872
Cc1nc2n(c(=O)c1CCN1CCC(c3noc4cc(F)ccc34)CC1)CCCC2O,0.07188200730612537
O=C(O)C1N=C(c2ccccc2)c2cc(Cl)ccc2NC1=O,0.04139268515822508
CC1=C(C(=O)O)N2C(=O)[C@@H](NC(=O)[C@H](N)c3ccccc3)[C@H]2SC1,0.5910646070264992
NCCCC[C@H](N[C@H]1CCc2ccccc2N(CC(=O)O)C1=O)C(=O)O,0.08990511143939793
N#C[C@H]1CCCN1C(=O)CNC12C[C@@H]3C[C@@H](CC(O)(C3)C1)C2,0.9956351945975499
CCn1cc(C(=O)O)c(=O)c2cc(F)c(N3CCN[C@@H](C)C3)c(F)c21,0.5998830720736879
C#C[C@]1(O)C=C[C@H]2[C@@H]3CCC4=CC(=O)CC[C@@H]4[C@H]3CC[C@@]21CC,-0.09691001300805639
O=C1CN=C(c2ccccc2)c2cc([N+](=O)[O-])ccc2N1,-0.06550154875643228
CN1C(=O)NC(=O)C(C)(C2=CCCCC2)C1=O,0.5314789170422551
C[N+](C)(C)C[C@H](O)CC(=O)[O-],0.2041199826559248
C[C@@H](N)[C@H]1CC[C@@H](N)[C@@H](O[C@@H]2[C@@H](N)[C@@H](O)[C@@H](O)[C@@H](N(C)C(=O)CN)[C@H]2O)O1,0.1367205671564068
CC[C@]1(O)C[C@@H]2CN(CCc3c([nH]c4ccccc34)[C@@](C(=O)OC)(c3cc4c(cc3OC)N(C)[C@H]3[C@@](O)(C(=O)OC)[C@H](OC(C)=O)[C@]5(CC)C=CCN6CC[C@]43[C@@H]65)C2)C1,0.4913616938342727
C[C@@H](O)[C@H]1C(=O)N2C(C(=O)O)=C(CN)S[C@H]12,0.884795363948981
O=C1CN=C(c2ccccc2Cl)c2cc(Br)ccc2N1,-1.3010299956639813
C[N+]1(C)[C@@H]2CC(OC(=O)C(O)(c3cccs3)c3cccs3)C[C@H]1[C@@H]1O[C@@H]12,1.100370545117563
CCNC(=O)OC1CCN(c2nncc3cc(OC)c(OC)cc23)CC1,1.575187844927661
Cc1cc(-n2cccc2)c(S(C)(=O)=O)cc1C(=O)NC(=N)N,0.9138138523837167
CN(CCC(=O)/C=C/c1ccc(O)cc1)CCc1ccc2c(c1)OCO2,2.8530895298518657
COc1ccc(C[C@H](NC(=O)CC(C)(C)N)C(=O)N[C@@H](Cc2c[nH]cn2)C(=O)N[C@@H](CC2CCCCC2)[C@@H](O)[C@@H](O)CC(C)C)cc1,-0.3467874862246563
O=C1C[C@@H](c2ccccc2)Oc2cc(O)cc(O)c21,1.4313637641589874
COc1ccc(/C=C\c2cc(OC)c(OC)c(OC)c2)cc1NC(=O)[C@@H](N)CO,1.354108439147401
COC(=O)C(c1ccccc1)C1CCCCN1,0.9740509027928774
C#CC[C@H](Cc1cnc2nc(N)nc(N)c2n1)c1ccc(C(=O)N[C@@H](CCC(=O)O)C(=O)O)cc1,0.43136376415898736
COc1ccc(C(CN(C)C)C2(O)CCCCC2)cc1,1.146128035678238
CC(C)NCC(O)COc1ccc(COCCOC(C)C)cc1,0.568201724066995
O=C1Cc2cc(CCN3CCN(c4nsc5ccccc45)CC3)c(Cl)cc2N1,0.7075701760979364
CCc1cnn2c(NCc3ccc[n+]([O-])c3)cc(N3CCCC[C@H]3CCO)nc12,0.667452952889954
CCN(CC)Cc1cc(Nc2ccnc3cc(Cl)ccc23)ccc1O,2.3364597338485296
CC(=O)N[C@@H](CS)C(=O)O,0.4913616938342727
NCCNc1ccc(NCCN)c2c1C(=O)c1ccncc1C2=O,1.2479732663618066
CC[C@H]1OC(=O)[C@H](C)[C@@H](O[C@H]2C[C@@](C)(OC)[C@@H](O)[C@H](C)O2)[C@H](C)[C@@H](O[C@@H]2O[C@H](C)C[C@H](N(C)C)[C@H]2O)[C@](C)(O)C[C@@H](C)C(=O)[C@H](C)[C@@H](O)[C@]1(C)O,0.7481880270062004
C[C@@H](Cc1ccccc1)NC(=O)[C@@H](N)CCCCN,1.2304489213782739
CC1=NC(=O)[C@](CCN(C(C)C)C(C)C)(c2ccccc2)[C@H]2CCCCN12,0.8318697742805017
Nc1ccn([C@@H]2CO[C@H](CO)O2)c(=O)n1,0.38021124171160603
NC[C@H]1O[C@H](O[C@H]2[C@H](O)[C@@H](O[C@H]3O[C@H](CO)[C@@H](O)[C@H](N)[C@H]3O)[C@H](N)C[C@@H]2N)[C@H](N)C[C@@H]1O,0.2041199826559248
CCOC(=O)C1=C[C@]2(CC)CCCN3CCc4c(n1c1ccccc41)[C@@H]32,0.785329835010767
COCCCOc1ccnc(C[S+]([O-])c2nc3ccccc3[nH]2)c1C,0.6020599913279624
c1cc2c(c(N3CCNCC3)c1)OCCO2,0.9030899869919435
CCc1ccc(Cc2ccc3c(c2)[C@]2(OC3)O[C@H](CO)[C@@H](O)[C@H](O)[C@H]2O)cc1,0.3159703454569177
CC[C@@]1(O)C(=O)OCc2c1cc1n(c2=O)Cc2cc3c(CN(C)C)c(O)ccc3nc2-1,1.1139433523068367
Cc1nc(=O)c(C#N)c(NCc2cccnc2)[nH]1,0.7634279935629373
CCOC(=O)C1=C(C)NC(C)=C(C(=O)OC)C1c1cccc(Cl)c1Cl,1.0413926851582251
CN(C)c1cc(CNCC(C)(C)C)c(O)c2c1C[C@H]1C[C@H]3[C@H](N(C)C)C(O)=C(C(N)=O)C(=O)[C@@]3(O)C(O)=C1C2=O,0.36921585741014284
NC(=O)CN1CC(O)CC1=O,0.25527250510330607
CN(CC(=O)NO)C(=O)[C@@H]1CCCC[C@@H]1C(=O)O,0.7993405494535817
COc1cc([C@@H]2c3cc4c(cc3[C@@H](O[C@@H]3O[C@@H]5CO[C@@H](C)O[C@H]5[C@H](O)[C@H]3O)[C@H]3COC(=O)[C@H]23)OCO4)cc(OC)c1O,-0.3010299956639812
Cc1noc(NS(=O)(=O)c2ccc(N)cc2)c1C,-0.5228787452803376
Cc1cc2c(OCC(O)CNC(C)C)cccc2[nH]1,0.7656685547590141
CN(C)[C@@H]1C(O)=C(C(N)=O)C(=O)[C@@]2(O)C(O)=C3C(=O)c4c(O)cccc4[C@@](C)(O)[C@H]3[C@H](O)[C@@H]12,0.3010299956639812
Nc1ccn(C[C@@H](CO)OCP(=O)(O)O)c(=O)n1,0.3979400086720376
NS(=O)(=O)c1cc(C2(O)NC(=O)c3ccccc32)ccc1Cl,0.17609125905568124
COc1ccc(Cl)cc1[C@]1(F)C(=O)Nc2cc(C(F)(F)F)ccc21,1.1760912590556813
C[C@H]1CN(C[C@H](Cc2ccccc2)C(=O)NCC(=O)O)CC[C@@]1(C)c1cccc(O)c1,0.7664128471123994
CO[C@]12CC[C@@]3(C[C@@H]1[C@](C)(O)C(C)(C)C)[C@H]1Cc4ccc(O)c5c4[C@@]3(CCN1CC1CC1)[C@H]2O5,1.2787536009528289
CCCCCc1cc(O)c2c(c1)OC(C)(C)[C@@H]1CCC(C)=C[C@@H]21,0.505149978319906
CC(=O)N[C@@H](CO)C(=O)N[C@@H](CC(=O)O)C(=O)N[C@@H](CCCCN)C(=O)N1CCC[C@H]1C(=O)O,1.271841606536499
Cn1c(CNc2ccc(C(=N)N)cc2)nc2cc(C(=O)N(CCC(=O)O)c3ccccn3)ccc21,0.28555730900777376
CNC(=O)Nc1c(OCCN2CCCC2)c(OC)c2occc2c1OC,0.505149978319906
CN(CC(N)=O)C(=O)N(CCCl)N=O,0.9542425094393249
CC(C)NCC(O)c1cc(O)cc(O)c1,1.1482940974347458
CC(C(O)c1ccc(O)cc1)N1CCC(Cc2ccccc2)CC1,1.8100307864058396
CN(C)CC(Oc1ccccc1)Oc1ccccc1,1.1367205671564067
CC1(C)O[C@@H]2C[C@H]3[C@@H]4CCC5=CC(=O)C=C[C@]5(C)[C@@]4(F)[C@@H](O)C[C@]3(C)[C@]2(C(=O)CO)O1,0.9731278535996987
Cc1cc(OC[C@H](O)CNC(C)C)c(C)c(C)c1O,1.209515014542631
C=CC[N@@+]12CC[C@@]34c5ccccc5N5C=C6[C@H]7C[C@H]8[C@@]9(CC[N@@+]8(CC=C)C/C7=C/CO)c7ccccc7N(C=C([C@@H](C[C@@H]31)/C(=C\CO)C2)[C@H]54)[C@@H]69,0.11394335230683679
Cc1[nH]c(=O)c(C#N)cc1-c1ccncc1,0.7923916894982539
COc1cc([C@@H]2c3cc4c(cc3[C@@H](O[C@@H]3O[C@@H]5CO[C@@H](c6cccs6)O[C@H]5[C@H](O)[C@H]3O)[C@H]3COC(=O)[C@H]23)OCO4)cc(OC)c1O,-0.721246399047171
CC(C)C[C@H](NC(=O)[C@H](Cc1ccccc1)NC(=O)c1cnccn1)B(O)O,1.2787536009528289
CN(C)CCn1nnnc1SCC1=C(C(=O)O)N2C(=O)[C@@H](NC(=O)Cc3csc(N)n3)[C@H]2SC1,0.7634279935629373
O=C(O)Cn1c(=O)c(=O)[nH]c2cc([N+](=O)[O-])c(-n3ccnc3)cc21,0.724275869600789
N#CN,1.2304489213782739
CCC(=O)C1(c2cccc(O)c2)CCN(C)CC1,0.9637878273455552
CC1(C)[C@@H](O[C@H]2O[C@H](C(=O)O)[C@@H](O)[C@H](O)[C@H]2O[C@@H]2O[C@H](C(=O)O)[C@@H](O)[C@H](O)[C@H]2O)CC[C@]2(C)[C@H]3C(=O)C=C4[C@@H]5C[C@@](C)(C(=O)O)CC[C@]5(C)CC[C@]4(C)[C@@]3(C)CC[C@@H]12,-0.8860566476931633
CC(=O)Nc1c(I)c(C(=O)O)c(I)c(N(C)C(C)=O)c1I,0.43136376415898736
CC[C@H]1OC(=O)[C@H](C)[C@@H](O[C@H]2C[C@@](C)(OC)[C@@H](O)[C@H](C)O2)[C@H](C)[C@@H](O[C@@H]2O[C@H](C)C[C@H](N(C)C)[C@H]2O)[C@](C)(O)C[C@@H](C)CN(C)[C@H](C)[C@@H](O)[C@]1(C)O,1.0
CCN(CC)CCS(=O)(=O)[C@@H]1CCN2C(=O)c3coc(n3)CC(=O)C[C@H](O)/C=C(C)/C=C\CNC(=O)/C=C/[C@@H](C)[C@H](C(C)C)OC(=O)[C@@H]12,1.2041199826559248
Nc1cc(OCC2CC2)c(C(=O)NC2CN3CCC2CC3)cc1Cl,0.7160033436347992
CCN(CC)CCNc1ccc(CNC=O)c2sc3ccc(OC)cc3c(=O)c12,0.4913616938342727
Cc1nnc2n1-c1sc(Br)cc1C(c1ccccc1Cl)=NC2,0.3010299956639812
CC(C(=O)O)c1ccc2c(c1)[nH]c1ccc(Cl)cc12,-0.2924298239020636
COc1cc(NCc2ccc3nc(N)nc(N)c3c2C)cc(OC)c1OC,-0.11350927482751812
CCCN(CCc1cccs1)[C@H]1CCc2c(O)cccc2C1,1.568201724066995
O=C(O)[C@H]1O[C@@H](Oc2cc3oc(-c4ccc(O)cc4)cc(=O)c3c(O)c2O)[C@H](O)[C@@H](O)[C@@H]1O,1.6681994841986618
CC[C@@H](C)N(C)C(=O)c1cc2ccccc2c(-c2ccccc2Cl)n1,0.7708520116421442
O=C1CN(/N=C/c2ccc([N+](=O)[O-])o2)C(=O)N1,0.9867717342662449
C[C@H](NC(=O)[C@@H](Cc1c[nH]c2ccccc12)NC(=O)[C@@H](N)Cc1cnc[nH]1)C(=O)N[C@@H](Cc1c[nH]c2ccccc12)C(=O)N[C@H](Cc1ccccc1)C(=O)N[C@@H](CCCCN)C(N)=O,0.4913616938342727
C[C@@H]1CCN(C(=O)CC#N)C[C@@H]1N(C)c1ncnc2[nH]ccc12,0.7693773260761385
CCCCN1CCCC1C(=O)Nc1c(C)cc(C)cc1C,1.2830749747354715
COc1cccc2c(C(=O)N3CCN(C)C(C)C3)cn(CC3CCCCC3)c12,0.47712125471966244
COc1c(N2CCNC(C)C2)c(F)cc2c(=O)c(C(=O)O)cn(C3CC3)c12,0.4471580313422192
OCCN(CCO)c1nc(N2CCCCC2)c2nc(N(CCO)CCO)nc(N3CCCCC3)c2n1,0.3010299956639812
Cn1nnnc1SCC1=C(C(=O)O)N2C(=O)[C@@H](NC(=O)/C(=N/OCC(=O)O)c3cc[nH]n3)[C@H]2SC1,0.2624510897304295
COc1ccc(Cc2nccc3cc(OC)c(OC)cc23)cc1OC,1.0413926851582251
CN(C)CCNC(=O)c1cccc2cc3ccccc3nc12,1.2124539610402758
N[C@H](C(=O)O)[C@@H]1CC(Cl)=NO1,-0.16115090926274472
C[C@H]1COc2c(N3CCN(C)CC3)c(F)c(N)c3c(=O)c(C(=O)O)cn1c23,0.3424226808222063
Nc1n[n+]([O-])c2ccccc2[n+]1[O-],0.9493900066449128
Nc1c2c(nc3ccccc13)CCCC2,1.7481880270062005
CCCN(CCC)S(=O)(=O)c1ccc(C(=O)O)cc1,-0.6020599913279624
CCCCNC(=O)NS(=O)(=O)c1ccc(C)cc1,-0.6777807052660807
C[C@]12C=CC(=O)C=C1CC[C@@H]1[C@@H]2C(=O)C[C@@]2(C)[C@H]1CC[C@]2(O)C(=O)CO,0.3979400086720376
CN(C)[C@@H]1C(O)=C(C(=O)NCN2CCCC2)C(=O)[C@@]2(O)C(O)=C3C(=O)c4c(O)cccc4[C@@](C)(O)[C@H]3C[C@@H]12,-0.01322826573375516
CN(C)CCC(c1ccc(Cl)cc1)c1ccccn1,0.3979400086720376
CC[C@H](OC(C)=O)C(C[C@H](C)N(C)C)(c1ccccc1)c1ccccc1,0.7323937598229685
Cn1c(=N)c(NC(=O)NCCN)cn1CC1=C(C(=O)O)N2C(=O)[C@@H](NC(=O)/C(=N\OC(C)(C)C(=O)O)c3nsc(N)n3)[C@H]2SC1,0.06445798922691845
CCCNC(=O)NS(=O)(=O)c1ccc(Cl)cc1,-1.3467874862246563
C=C[C@@H]1C[C@]1(NC(=O)[C@@H]1C[C@@H](Oc2ncc(OC)c3ccc(Cl)cc23)CN1C(=O)[C@@H](NC(=O)OC(C)(C)C)C(C)(C)C)C(=O)NS(=O)(=O)C1CC1,1.0711452904510828
CC(=O)O[C@H]1C[C@@H]2CC[C@@H]3[C@H](CC[C@@]4(C)[C@H]3C[C@H]([N+]3(C)CCCCC3)[C@@H]4OC(C)=O)[C@@]2(C)C[C@@H]1[N+]1(C)CCCCC1,0.17609125905568124
COC(=O)C1=C(C)NC(C)=C(C(=O)OCC(C)C)C1c1ccccc1[N+](=O)[O-],1.1760912590556813
C/C=C1\NC(=O)[C@H]2CSSCC/C=C/[C@H](CC(=O)N[C@H](C(C)C)C(=O)N2)OC(=O)[C@H](C(C)C)NC1=O,0.8692317197309762
CCCCCN(C)CCC(O)(P(=O)(O)O)P(=O)(O)O,0.25527250510330607
CNC(=O)c1ccccc1Sc1ccc2c(/C=C/c3ccccn3)n[nH]c2c1,0.6989700043360189
CC(C)(C)NCC(O)c1cc(O)cc(O)c1,0.5314789170422551
CN(C)CC/C=C1/c2ccccc2Sc2ccc(Cl)cc21,1.0606978403536118
COC(=O)N[C@H](C(=O)N1CCC[C@H]1c1ncc(-c2ccc(-c3ccc(-c4cnc([C@@H]5CCCN5C(=O)[C@@H](NC(=O)OC)C(C)C)[nH]4)cc3)cc2)[nH]1)C(C)C,0.0
CNC(=O)c1c(I)c(NC(C)=O)c(I)c(C(=O)O)c1I,0.38021124171160603
Cc1ccc(O)c([C@H](CCN(C(C)C)C(C)C)c2ccccc2)c1,0.9242792860618817
CC1=C(C(=O)O)N2C(=O)[C@@H](NC(=O)[C@H](N)c3ccc(O)cc3)[C@H]2SC1,0.3979400086720376
Cc1cccc(Cl)c1C(=O)N[C@@H](Cc1ccc(NC(=O)c2c(Cl)cncc2Cl)cc1)C(=O)O,0.568201724066995
O=C(O)C(O)Cc1ccc(O)c(O)c1,1.249198357391113
Cc1[nH]c(=O)c(C#N)cc1-c1ccc2nccn2c1,1.0413926851582251
CC(C)c1nc(N(C)S(C)(=O)=O)nc(-c2ccc(F)cc2)c1/C=C/[C@@H](O)C[C@@H](O)CC(=O)O,1.0413926851582251
O=C(Cc1cccs1)N[C@@H]1C(=O)N2C(C(=O)[O-])=C(C[n+]3ccccc3)CS[C@H]12,0.5185139398778875
CCCc1nc2c(C)cc(-c3nc4ccccc4n3C)cc2n1Cc1ccc(-c2ccccc2C(=O)O)cc1,0.9242792860618817
CC(=O)NC[C@H]1CN(c2ccc(N3CCOCC3)c(F)c2)C(=O)O1,0.25527250510330607
CN(C(=O)CO)c1c(I)c(C(=O)NC[C@H](O)CO)c(I)c(C(=O)NC[C@H](O)CO)c1I,0.14612803567823798
C/C(=C\c1csc(C)n1)[C@@H]1C[C@@H]2O[C@]2(C)CCC[C@H](C)[C@H](O)[C@H](C)C(=O)C(C)(C)[C@@H](O)CC(=O)O1,0.3364597338485295
CC(C)(O)[C@@H]1CC[C@](C)([C@H]2[C@@H](O)C[C@@]3(C)[C@@H]4C[C@H](O[C@@H]5O[C@H](CO)[C@@H](O)[C@H](O)[C@H]5O)[C@H]5C(C)(C)[C@@H](O[C@@H]6OC[C@@H](O)[C@H](O)[C@H]6O)CC[C@@]56C[C@@]46CC[C@]23C)O1,-0.13076828026902382
CCCCCCCCc1ccc(CCC(N)(CO)CO)cc1,0.1846914308175988
O[C@@H](CNC[C@H](O)[C@H]1CCc2cc(F)ccc2O1)[C@@H]1CCc2cc(F)ccc2O1,1.146128035678238
CNC(=O)C[C@@H](N)C(=O)N[C@@H](C(=O)N[C@H]1C(=O)N2[C@@H]1SC(C)(C)[C@@H]2C(=O)O)c1ccc(O)cc1,0.45024910831936105
COc1ccc2c3c1O[C@H]1[C@@H](O)C=C[C@H]4[C@@H](C2)N(C)CC[C@@]341,1.1760912590556813
N#CC(CCN1CCC(C(N)=O)(N2CCCCC2)CC1)(c1ccccc1)c1ccccc1,0.8920946026904804
CN(CCCCCCN(C)C(=O)Oc1ccc[n+](C)c1)C(=O)Oc1ccc[n+](C)c1,-0.6989700043360187
CN(C)[C@@H]1C(O)=C(C(N)=O)C(=O)[C@@]2(O)C(O)=C3C(=O)c4c(O)ccc(Cl)c4[C@@](C)(O)[C@H]3C[C@@H]12,0.3010299956639812
CO[C@@]1(NC(=O)CSCC#N)C(=O)N2C(C(=O)O)=C(CSc3nnnn3C)CS[C@@H]21,0.17609125905568124
CC(C)(C)OC(=O)N[C@H]1CCCCC/C=C\[C@@H]2C[C@@]2(C(=O)NS(=O)(=O)C2CC2)NC(=O)[C@@H]2C[C@@H](OC(=O)N3Cc4cccc(F)c4C3)CN2C1=O,1.061829307294699
Oc1ccc(C2=Cc3ccc(O)cc3OC2)cc1,1.7715874808812555
CN[C@@H]1C[C@H]2OC(C)([C@@H]1OC)n1c3ccccc3c3c4c(c5c6ccccc6n2c5c31)C(=O)N[C@@H]4O,-2.431798275933005
Cc1ccsc1C(=CCCN1CCC[C@@H](C(=O)O)C1)c1sccc1C,0.2041199826559248
O=C(O)CCCCN(CCc1ccccc1OCc1ccc(CCc2ccccc2)cc1)Cc1ccc(C(=O)O)cc1,0.9542425094393249
CN(C)CCOC(c1ccccc1)c1ccccc1,0.9912260756924949
O=C1NC(=O)C(c2cn3ccccc3n2)=C1C1=CN2CCN(C(=O)N3CCCCC3)C[C@@H]3C=C(F)C=C1[C@H]32,1.0128372247051722
COCCCC/C(=N\OCCN)c1ccc(C(F)(F)F)cc1,1.504470862494419
C[C@@H](O)[C@H]1C(=O)N2C(C(=O)O)=C(S[C@H]3C[C@@H](C(=O)N4CC[C@H](NC(=O)CNC(=N)N)C4)N(C)C3)[C@H](C)[C@H]12,0.2787536009528289
CC(C)(S)[C@@H](N)C(=O)O,1.0273496077747566
CCCCC(C)(C)[C@@H](O)/C=C\[C@@H]1[C@H](C/C=C/CCCC(=O)O)[C@@H](Cl)C[C@@H]1O,1.1205739312058498
NC(Cc1ccccn1)c1ccccc1,0.25527250510330607
CC1COc2c(N3CCN(C)CC3)c(F)cc3c(=O)c(C(=O)O)cn1c23,0.3979400086720376
CCO/N=C(\C(=O)N[C@@H]1C(=O)N2C(C(=O)[O-])=C(Sc3nc(-c4cc[n+](C)cc4)cs3)CS[C@H]12)c1nsc(NP(=O)(O)O)n1,1.9222062774390163
CC(C)C(=O)OCC(=O)[C@]12O[C@@H](C3CCCCC3)O[C@@H]1C[C@@H]1[C@@H]3CCC4=CC(=O)C=C[C@]4(C)[C@H]3[C@@H](O)C[C@@]12C,1.5224442335063197
CCCCS(=O)(=O)N[C@@H](Cc1ccc(OCCCCC2CCNCC2)cc1)C(=O)O,0.47712125471966244
Nc1nc(F)nc2c1ncn2[C@@H]1O[C@H](CO)[C@@H](O)[C@@H]1O,0.505149978319906
O=C(c1ccc(F)cc1)C1CCN(CCn2c(=O)[nH]c3ccccc3c2=O)CC1,0.8260748027008264
Cc1cccc(Nc2ccncc2S(=O)(=O)NC(=O)NC(C)C)c1,-0.27572413039921095
CC1(C)S[C@@H]2[C@H](NC(=O)[C@H](N)c3ccc(O)cc3)C(=O)N2[C@H]1C(=O)O,0.5185139398778875
CN(C)CCN1C(=O)c2cccc3cc(N)cc(c23)C1=O,1.2860071220794747
CC1(C)O[C@@H]2[C@@H](CO[C@@]3(COS(N)(=O)=O)OC(C)(C)O[C@@H]23)O1,-0.5686362358410126
NC(=O)C(c1ccccc1)(c1ccccc1)[C@@H]1CCN(CCc2ccc3c(c2)CCO3)C1,1.0791812460476249
CC[N+](C)(C)c1cccc(O)c1,0.9822712330395684
O=C(NCC1CCCCN1)c1cc(OCC(F)(F)F)ccc1OCC(F)(F)F,0.6901960800285137
Nc1nc(-n2cc(C(=O)O)c(=O)c3cc(F)c(N4CC(O)C4)c(Cl)c32)c(F)cc1F,0.367355921026019
CCOC(=O)[C@H](CCc1ccccc1)N[C@H](C)C(=O)N1CC2(C[C@H]1C(=O)O)SCCS2,1.0755469613925308
CN1CCN2c3ncccc3Cc3ccccc3C2C1,0.9030899869919435
O=C1CC[C@@H](C(=O)N2CSC[C@H]2C(=O)O)N1,0.06445798922691845
C[C@@H](N/C(=N\c1ccncc1)NC#N)C(C)(C)C,0.7543483357110189
COc1cc2c(cc1OC)CN(c1cc(N)c3cc(OC)c(OC)cc3n1)CC2,1.146128035678238
CN(C)Cc1nnc2n1-c1ccc(Cl)cc1C(c1ccccc1)=NC2,0.7923916894982539
Clc1ccc2nsnc2c1NC1=NCCN1,1.0413926851582251
O=C(O)c1ccc(-n2nc(-c3ccccc3O)nc2-c2ccccc2O)cc1,-0.07572071393811836
O=C1Nc2ccc(Cl)cc2C(c2ccccc2Cl)=NC1O,0.0
CO[C@@]1(NC(=O)Cc2cccs2)C(=O)N2C(C(=O)O)=C(COC(N)=O)CS[C@@H]21,0.5563025007672873
COc1ccccc1Oc1c(NS(=O)(=O)c2ccc(C)cn2)nc(-c2ccncc2)nc1OC,-0.28399665636520083
COc1cccc2c1C(=O)c1c(O)c3c(c(O)c1C2=O)C[C@@](O)(C(C)=O)C[C@@H]3O[C@H]1C[C@H](N)[C@H](O)[C@H](C)O1,1.6773331514199017
C[C@@H]1O[C@@H]1P(=O)(O)O,0.3010299956639812
Cc1cccc(C)c1OCC(C)N,0.919078092376074
CC1(C)C[C@@H]1C(=O)N/C(=C\CCCCSC[C@H](N)C(=O)O)C(=O)O,0.36172783601759284
COc1cc(Cc2cnc(N)nc2N)cc(OC)c1OC,0.3222192947339193
CN1CCN(C(c2ccccc2)c2ccccc2)CC1,1.1613680022349748
CC(=N)N1CC[C@H](SC2=C(C(=O)O)N3C(=O)[C@H]([C@@H](C)O)[C@H]3C2)C1,0.414973347970818
NC(=O)NO,0.17609125905568124
C=CCOc1ccccc1OC[C@H](O)CNC(C)C,0.8864907251724818
CN[C@@H]1[C@@H](O)[C@@H](O[C@@H]2[C@@H](O)[C@H](O[C@H]3OC(CNCCO)=CC[C@H]3N)[C@@H](N)C[C@H]2NC(=O)[C@@H](O)CCN)OC[C@]1(C)O,0.05690485133647256
COc1ccc(CCN(C)CCCN2Cc3cc(OC)c(OC)cc3C2=O)cc1OC,1.1961761850399735
CCCC1C(=O)N2C(N(C)C)=Nc3ccc(C)cc3N2C1=O,-0.8538719643217619
C=C1CC[C@@]2(O)[C@H]3Cc4ccc(O)c5c4[C@@]2(CCN3CC2CC2)[C@H]1O5,1.1760912590556813
CS(=O)(=O)OCCCCOS(C)(=O)=O,0.38021124171160603
CC(=O)O[C@H]1C[C@@H]2CC[C@@H]3[C@H](CC[C@@]4(C)[C@H]3C[C@H]([N+]3(C)CCCCC3)[C@@H]4OC(C)=O)[C@@]2(C)C[C@@H]1N1CCCCC1,0.6532125137753437
CCOC(=O)C1(c2ccccc2)CCN(C)CC1,0.6901960800285137
COCOC[C@H](CCC1(C(=O)NC2CCC(C(=O)O)CC2)CCCC1)C(=O)O,0.36172783601759284
C=CCNC1=C2C[C@@H](C)C[C@H](OC)[C@H](O)[C@@H](C)/C=C(\C)[C@H](OC(N)=O)[C@@H](OC)/C=C\C=C(/C)C(=O)NC(=CC1=O)C2=O,1.00774777800074
CC(C)(C)[C@H](NC(=O)[C@H](CC1CCCC1)CN(O)C=O)C(=O)N1CCN(Cc2ccc3c(c2)OCO3)CC1,0.4913616938342727
CCCCNC(=N)NC(=N)N,0.8182258936139555
C=C(CC)C(=O)c1ccc(OCC(=O)O)c(Cl)c1Cl,0.9395192526186185
COc1cc([S+](C)[O-])ccc1-c1nc2cnccc2[nH]1,1.3159703454569178
O=c1[nH]c(=O)n([C@@H]2O[C@H](CO)[C@H](O)[C@H](O)[C@H]2O)cc1F,0.13987908640123647
CNC1=Nc2ccc(Cl)cc2C(c2ccccc2)=[N+]([O-])C1,-0.431798275933005
COc1ccc(CCN(C)CCCN2CCc3cc(OC)c(OC)cc3CC2=O)cc1OC,0.9242792860618817
COc1cccc(OCCCN)c1-c1cc(Nc2cnc(C#N)cn2)n[nH]1,1.5314789170422551
COc1cc2c(N)nc(N3CCN(C(=O)OCC(C)(C)O)CC3)nc2c(OC)c1OC,-0.017728766960431606
Cc1ccc(Nc2nccc(N(C)c3ccc4c(C)n(C)nc4c3)n2)cc1S(N)(=O)=O,-1.2218487496163564
CCn1cc(C(=O)O)c(=O)c2cnc(N3CCNCC3)nc21,0.45331834004703764
C=C1C[C@@H]2CC[C@@]34C[C@H]5O[C@H]6[C@@H](O3)[C@H]3O[C@H](CC[C@@H]3O[C@H]6[C@H]5O4)CC(=O)O[C@@H]3[C@@H](OC)[C@@H](C[C@H](O)CN)O[C@H]3C[C@H]3O[C@@H](CC[C@@H]1O2)C[C@@H](C)C3=C,-0.12493873660829995
CO[C@H]1[C@@H](O)[C@H](N)[C@@H](O[C@H]2O[C@H]([C@H](C)N)CC[C@H]2N)[C@H](O)[C@H]1N(C)C(=O)CN,0.1367205671564068
C[C@H]1O[C@H](O[C@H]2[C@H](O)[C@@H](O)[C@@H](O[C@@H]([C@H](O)[C@@H](O)C=O)[C@H](O)CO)O[C@@H]2CO)[C@H](O)[C@@H](O)[C@@H]1N[C@H]1C=C(CO)[C@@H](O)[C@H](O)[C@H]1O,0.3424226808222063
Cc1c(O)ccc2c1OC[C@@H](c1ccc(O)cc1)[C@H]2c1ccc(O)cc1,0.9253120914996495
COC[C@@H](NC(C)=O)C(=O)NCc1ccccc1,-0.24412514432750865
COC(=O)C1(OC(=O)c2cncn2[C@H](C)c2ccccc2)CC1,1.6996643202023733
COc1cc2c3cc1Oc1cc(ccc1O)C[C@@H]1c4c(cc(OC)c(O)c4Oc4ccc(cc4)C[C@@H]3N(C)CC2)CC[N+]1(C)C,0.5314789170422551
O=P(O)(O)C(O)(Cn1ccnc1)P(=O)(O)O,0.3424226808222063
C=CCN1CCC[C@H]1CNC(=O)c1cc(S(=O)(=O)NC)c(N)cc1OC,0.7379873263334308
CCCCC[C@@H](O)CC[C@H]1[C@@H]2Cc3cccc(OCC(=O)O)c3C[C@@H]2C[C@@H]1O,1.0293837776852097
CC1(C)S[C@@H]2[C@H](NC(=O)[C@H](NC(=O)N3CCNC3=O)c3ccccc3)C(=O)N2[C@H]1C(=O)O,0.3979400086720376
COC(=O)[C@H](c1ccccc1Cl)N1CCc2sccc2C1,1.3738311450738303
Cc1ccc(-n2ccnc2)cc1C(O)c1c(C)cc(C(=O)O)cc1C,0.4638929889859073
CS(=O)(=O)OCCN(CCBr)c1c(C(=O)NCCOP(=O)(O)O)cc([N+](=O)[O-])cc1[N+](=O)[O-],1.651278013998144
CCN1CCC[C@H]1CNC(=O)c1c(OC)ccc(Br)c1OC,0.23044892137827394
CC(C)(C)NC(=O)[C@@H]1CN(Cc2cccnc2)CCN1C[C@@H](O)C[C@@H](Cc1ccccc1)C(=O)N[C@H]1c2ccccc2C[C@H]1O,1.255272505103306
Nc1ccn([C@@H]2C=C(CO)[C@@H](O)[C@H]2O)c(=O)n1,0.557507201905658
C[C@H](CCc1ccc(O)cc1)NCCc1ccc(O)c(O)c1,2.060697840353612
COc1ccccc1Oc1c(NS(=O)(=O)c2ccc(C)cn2)nc(-c2ccnc(-c3nnn[nH]3)c2)nc1OCCO,1.021189299069938
NCC[C@H](O)C(=O)N[C@@H]1C[C@H](N)[C@@H](O[C@H]2O[C@H](CN)CC[C@H]2N)[C@H](O)[C@H]1O[C@H]1O[C@H](CO)[C@@H](O)[C@H](N)[C@H]1O,0.10720996964786839
CC1(C)C(/C=C\C=C\C=C\C=C2/N(CCCCS(=O)(=O)O)c3ccc4ccccc4c3C2(C)C)=[N+](CCCCS(=O)(=O)[O-])c2ccc3ccccc3c21,0.8325089127062363
CC(C)C[C@H](NC(=O)[C@@H](NC(=O)c1cccc(-c2ccccc2)n1)[C@@H](C)O)B(O)O,-0.5376020021010439
O=C(/C=C/c1ccccc1)NCCO,-0.004364805402450088
N=C(N)NCCCNC(=O)[C@@H]1CCCCN1C(=O)[C@@H](CC1CCCCC1)NCC(=O)O,0.785329835010767
COc1ccc(-n2nc(C(N)=O)c3c2C(=O)N(c2ccc(N4CCCCC4=O)cc2)CC3)cc1,-0.09691001300805639
C[C@@H](O)[C@H]1C(=O)N2C(C(=O)O)=C(SCCOC(N)=O)S[C@H]12,0.8750612633917001
CNCCC=C1c2ccccc2CCc2ccccc21,1.0
NNC(=O)c1ccncc1,0.8692317197309762
CC(=O)[C@]1(O)Cc2c(O)c3c(c(O)c2[C@@H](O[C@H]2C[C@H](N4CC4)[C@H](OS(C)(=O)=O)[C@H](C)O2)C1)C(=O)c1ccccc1C3=O,1.371806458507416
Cc1c(-c2ccc(O)cc2)n(Cc2ccc(OCCN3CCCCCC3)cc2)c2ccc(O)cc12,0.8260748027008264
O=C(O)C(Cl)Cl,0.724275869600789
C[C@H]1C[C@H]2[C@@H]3CCC4=CC(=O)C=C[C@]4(C)[C@@]3(F)[C@@H](O)C[C@]2(C)[C@@]1(O)C(=O)CO,0.4471580313422192
O=P(O)(O)C(Sc1ccc(Cl)cc1)P(=O)(O)O,-0.3979400086720376
CCN(CC)CCNC(=O)c1cc(Br)c(N)cc1OC,1.1139433523068367
COc1ccsc1CNCC[C@@]1(c2ccccn2)CCOC2(CCCC2)C1,0.8382192219076258
Nc1ccn([C@H]2CC[C@@H](CO)O2)c(=O)n1,0.7481880270062004
CCCCc1oc2ccc(NS(C)(=O)=O)cc2c1C(=O)c1ccc(OCCCN(CCCC)CCCC)cc1,1.5228353136605302
c1ccc(CN(CC2=NCCN2)c2ccccc2)cc1,1.2938043599193367
COc1cccc2c1C(=O)c1c(O)c3c(c(O)c1C2=O)C[C@@](O)(C(=O)CO)C[C@@H]3O[C@H]1C[C@H](N)[C@@H](O)[C@H](C)O1,1.3010299956639813
O=c1[nH]cnc2[nH]ncc12,1.0413926851582251
Cc1cccc(C)c1NC(=O)C(C)N,0.3424226808222063
CCCn1c(=O)c2[nH]c(C34CCC(CCC(=O)O)(CC3)CC4)nc2n(CCC)c1=O,0.03342375548694973
COC(=O)c1ccc2c(c1)NC(=O)/C2=C(\Nc1ccc(N(C)C(=O)CN2CCN(C)CC2)cc1)c1ccccc1,1.2988530764097066
COP(=O)(c1cc(C)cc(/C=C/C#N)c1)c1c(C(N)=O)[nH]c2ccc(Cl)cc12,0.23299611039215384
OCc1cc([C@@H](O)CNCCCCCCOCCOCc2c(Cl)cccc2Cl)ccc1O,1.4099331233312946
C[C@@H](NCCc1ccc(O)cc1)[C@@H](O)c1ccc(O)cc1,1.4913616938342726
CC[N+](CC)(CC)CCOc1cccc(OCC[N+](CC)(CC)CC)c1OCC[N+](CC)(CC)CC,0.17897694729316943
C#CC[C@@H](Cc1cnc2nc(N)nc(N)c2n1)c1ccc(C(=O)N[C@@H](CCC(=O)O)C(=O)O)cc1,0.7781512503836436
Clc1ccc(COC(Cn2ccnc2)c2ccc(Cl)cc2Cl)c(Cl)c1,0.9768083373380663
Cc1cc(C)c(/C=C2\C(=O)Nc3ccccc32)[nH]1,1.146128035678238
CSC[C@H](NC(=O)COc1cccc2cnccc12)C(=O)N[C@@H](Cc1ccccc1)[C@H](O)C(=O)N1CSC[C@H]1C(=O)NC(C)(C)C,1.021189299069938
C[C@H](Cc1cc2c(c(C(N)=O)c1)N(CCCO)CC2)NCCOc1ccccc1OCC(F)(F)F,0.4471580313422192
CNC(=O)c1cnn(-c2nc(N)c3ncn([C@@H]4O[C@H](CO)[C@@H](O)[C@H]4O)c3n2)c1,0.8633228601204559
C[C@@H](Oc1cc(-c2cnn(C3CCNCC3)c2)cnc1N)c1c(Cl)ccc(F)c1Cl,0.9890046156985368
N=C(N)NCCC[C@@H]1NC(=O)CCSSC[C@@H](C(N)=O)NC(=O)[C@@H]2CCCN2C(=O)[C@H](Cc2c[nH]c3ccccc23)NC(=O)[C@H](CC(=O)O)NC(=O)CNC1=O,0.4593924877592308
COc1cc2c(cc1O)CCN[C@]21CS[C@@H]2c3c(OC(C)=O)c(C)c4c(c3[C@H](COC1=O)N1[C@@H]2[C@H]2c3c(cc(C)c(OC)c3O)C[C@@H]([C@@H]1O)N2C)OCO4,1.0791812460476249
CC(=O)Nc1c(I)c(NC(C)=O)c(I)c(C(=O)O)c1I,0.23044892137827394
O=C(O[C@H]1C[C@H]2CC3C[C@@H](C1)N2CC3=O)c1c[nH]c2ccccc12,2.255272505103306
CC(C)[C@H]1C(=O)N[C@@H](CCCNC(=N)N)C(=O)NCC(=O)N[C@@H](CC(=O)O)C(=O)N[C@H](Cc2ccccc2)C(=O)N1C,0.07188200730612537
N#Cc1ccccc1-c1cc(-c2ccccn2)cn(-c2ccccc2)c1=O,-1.0
Cc1ccc(S(=O)(=O)NC(=O)NN2C[C@H]3CCC[C@@H]3C2)cc1,-0.38721614328026455
CNC1(c2ccccc2Cl)CCCCC1=O,1.2787536009528289
Cc1cccc([C@H](C)c2c[nH]cn2)c1C,1.0413926851582251
Cc1cn([C@H]2C[C@H](N=[N+]=[N-])[C@@H](CO)O2)c(=O)[nH]c1=O,1.3979400086720377
COc1ccc([C@@H]2Sc3cc(Cl)ccc3N(CCN(C)C)C(=O)[C@@H]2OC(C)=O)cc1,1.1367205671564067
Cc1nc2n(c(=O)c1CCN1CCC(c3noc4cc(F)ccc34)CC1)CCCC2,0.7323937598229685
Cc1ccccc1OCC(O)CNCCOc1ccc(C(N)=O)cc1,1.146128035678238
CC(O)Cn1cnc2c1c(=O)n(C)c(=O)n2C,0.06818586174616162
Nc1nc2[nH]cnc2c(=S)[nH]1,1.187520720836463
C=C(C)[C@@H]1CCC(C)=C[C@H]1c1c(O)cc(CCCCC)cc1O,1.1319392952104246
CCNC(=O)CCC/C=C\C[C@@H]1[C@@H](/C=C\[C@@H](O)CCc2ccccc2)[C@H](O)C[C@@H]1O,1.3979400086720377
C[C@H]1[C@H](OC(=O)CCC(=O)O)O[C@@H]2O[C@@]3(C)CC[C@H]4[C@H](C)CC[C@@H]1[C@@]24OO3,3.0293837776852097
C=CCNc1nc(NCC=C)nc(N2CCN(C(c3ccc(F)cc3)c3ccc(F)cc3)CC2)n1,-0.01322826573375516
Nc1nc(CC(=O)Nc2ccc(CCNC[C@H](O)c3ccccc3)cc2)cs1,1.1335389083702174
CCCC(C)C1(CC)C(=O)NC(=S)NC1=O,0.9138138523837167
CCCC[P@@](=O)(O)CCCN,0.1931245983544616
Cn1cc(C(=O)[C@@H]2CCc3[nH]cnc3C2)c2ccccc21,0.846955325019824
Cn1c(NCCN(CCO)CCCc2ccc([N+](=O)[O-])cc2)cc(=O)n(C)c1=O,1.3199384399803087
CC1(C)S[C@@H]2[C@H](NC(=O)[C@H](NC(=O)N3CCN(/N=C/c4ccco4)C3=O)c3ccc(O)cc3)C(=O)N2[C@H]1C(=O)O,0.557507201905658
CC[C@@]1(O)C(=O)OCc2c1cc1n(c2=O)Cc2cc3cc(O)ccc3nc2-1,0.34830486304816066
Cn1nnc(-c2ccc(-c3ccc(N4C[C@H](CO)OC4=O)cc3F)cn2)n1,0.07554696139253074
C1COC(NC(C2CC2)C2CC2)=N1,0.8512583487190752
CCC/N=C1\S/C(=C\c2ccc(OC[C@H](O)CO)c(Cl)c2)C(=O)N1c1ccccc1C,-0.045757490560675115
CN(C)C(=O)Oc1ccc[n+](C)c1,0.9822712330395684
C[C@]12CCC3=C4CCC(=O)C=C4CC[C@H]3[C@@H]1CC[C@@]2(O)CC#N,0.11058971029924898
CC(=O)[C@]1(O)Cc2c(O)c3c(c(O)c2[C@@H](O[C@H]2C[C@H](N)[C@H](O)[C@H](C)O2)C1)C(=O)c1ccccc1C3=O,1.3802112417116061
COC(=O)CC[C@@H]1N=C(c2ccccn2)c2cc(Br)ccc2-n2c(C)cnc21,1.1766699326681496
COc1cc2c(cc1OC)[C@H]1C[C@@H](OC(=O)[C@@H](N)C(C)C)[C@H](CC(C)C)CN1CC2,0.23299611039215384
CC(C)=CCN1CC[C@]2(C)c3cc(O)ccc3C[C@H]1C2C,1.3617278360175928
CN1[C@@H]2CC[C@H]1C[C@@H](OC(=O)C(CO)c1ccccc1)C2,0.8808135922807914
CC(=O)N[C@H]1[C@H]([C@H](O)[C@H](O)CO)OC(C(=O)O)=C[C@@H]1NC(=N)N,0.2041199826559248
O=C(O)[C@H]1/C(=C/CO)O[C@@H]2CC(=O)N21,0.4913616938342727
COC1=C(C(=O)O)N2C(=O)[C@@H](NC(=O)[C@H](N)C3=CCC=CC3)[C@H]2SC1,0.6794278966121189
C#C[C@]1(O)CC[C@H]2[C@@H]3CCC4=CC(=O)CC[C@@H]4[C@H]3C(=C)C[C@@]21CC,0.3010299956639812
CC1=NS(=O)(=O)c2cc(Cl)ccc2N1,-1.2218487496163564
OC(CCN1CCCCC1)(c1ccccc1)C1CC2C=CC1C2,1.0791812460476249
